time,Open,High,Low,Close,Volume,Spread
2026-04-06 08:30:00,0.6911,0.69112,0.69088,0.69091,703.0,2.6666666666666665
2026-04-06 08:45:00,0.6909,0.69108,0.69073,0.69075,651.0,2.6666666666666665
2026-04-06 09:00:00,0.69074,0.69094,0.69063,0.6909,813.0,3.0
2026-04-06 09:15:00,0.69089,0.69094,0.69062,0.69073,800.0,2.3333333333333335
2026-04-06 09:30:00,0.6907,0.69093,0.69054,0.69089,585.0,2.3333333333333335
2026-04-06 09:45:00,0.69088,0.69179,0.69069,0.69134,2063.0,2.6666666666666665
2026-04-06 10:00:00,0.69133,0.69156,0.69081,0.69106,1293.0,3.0
2026-04-06 10:15:00,0.69107,0.69138,0.69104,0.69135,1046.0,3.0
2026-04-06 10:30:00,0.69136,0.69211,0.69135,0.6921,1137.0,2.6666666666666665
2026-04-06 10:45:00,0.69208,0.69332,0.69204,0.69291,1634.0,2.6666666666666665
2026-04-06 11:00:00,0.6929,0.69337,0.69257,0.69294,1950.0,2.0
2026-04-06 11:15:00,0.69293,0.6931,0.69276,0.69288,1377.0,2.0
2026-04-06 11:30:00,0.69289,0.69349,0.69284,0.69314,1203.0,2.0
2026-04-06 11:45:00,0.69313,0.69322,0.69287,0.69306,898.0,2.0
2026-04-06 12:00:00,0.69308,0.69334,0.69303,0.69317,1210.0,2.3333333333333335
2026-04-06 12:15:00,0.69319,0.69345,0.69302,0.69337,807.0,2.0
2026-04-06 12:30:00,0.69338,0.69362,0.69314,0.69321,796.0,2.0
2026-04-06 12:45:00,0.69322,0.69343,0.69244,0.69253,1772.0,2.6666666666666665
2026-04-06 13:00:00,0.69254,0.69319,0.69247,0.69292,1166.0,2.3333333333333335
2026-04-06 13:15:00,0.69293,0.69313,0.69278,0.69293,771.0,3.0
2026-04-06 13:30:00,0.69292,0.69309,0.69277,0.69298,704.0,3.0
2026-04-06 13:45:00,0.69299,0.69299,0.69186,0.69273,1999.0,2.6666666666666665
2026-04-06 14:00:00,0.69273,0.6929,0.69228,0.69234,1481.0,2.3333333333333335
2026-04-06 14:15:00,0.69233,0.69259,0.69225,0.69249,1155.0,2.0
2026-04-06 14:30:00,0.6925,0.69276,0.69247,0.69249,1034.0,2.0
2026-04-06 14:45:00,0.69248,0.69317,0.69248,0.69286,803.0,2.0
2026-04-06 15:00:00,0.69288,0.69306,0.69268,0.69268,960.0,2.0
2026-04-06 15:15:00,0.69269,0.69271,0.69228,0.69257,986.0,2.0
2026-04-06 15:30:00,0.69258,0.69283,0.69251,0.69281,1016.0,2.0
2026-04-06 15:45:00,0.69282,0.69304,0.69276,0.69283,1278.0,3.3333333333333335
2026-04-06 16:00:00,0.69281,0.69289,0.69246,0.69274,1580.0,2.0
2026-04-06 16:15:00,0.69275,0.69303,0.69252,0.69298,1084.0,2.0
2026-04-06 16:30:00,0.69299,0.69337,0.69286,0.69305,2909.0,3.0
2026-04-06 16:45:00,0.69306,0.69325,0.6928,0.69312,1929.0,2.6666666666666665
2026-04-06 17:00:00,0.69312,0.69381,0.69238,0.69303,3319.0,2.6666666666666665
2026-04-06 17:15:00,0.693,0.6934,0.69293,0.69327,2791.0,2.3333333333333335
2026-04-06 17:30:00,0.69327,0.69356,0.69176,0.69303,3338.0,2.6666666666666665
2026-04-06 17:45:00,0.69302,0.69304,0.6921,0.69216,3621.0,2.0
2026-04-06 18:00:00,0.69217,0.69218,0.69137,0.69149,2636.0,2.0
2026-04-06 18:15:00,0.69148,0.69168,0.6913,0.69152,2685.0,2.0
2026-04-06 18:30:00,0.69153,0.69159,0.69118,0.69127,1574.0,2.0
2026-04-06 18:45:00,0.69128,0.69181,0.69114,0.69179,1330.0,2.3333333333333335
2026-04-06 19:00:00,0.6918,0.69196,0.69172,0.69193,909.0,3.6666666666666665
2026-04-06 19:15:00,0.69194,0.69198,0.69145,0.69166,753.0,3.3333333333333335
2026-04-06 19:30:00,0.69165,0.69193,0.6915,0.69169,767.0,3.3333333333333335
2026-04-06 19:45:00,0.6917,0.69172,0.69135,0.69158,1101.0,3.0
2026-04-06 20:00:00,0.69159,0.69161,0.69057,0.69079,1526.0,4.666666666666667
2026-04-06 20:15:00,0.6908,0.69155,0.69057,0.69151,1408.0,3.6666666666666665
2026-04-06 20:30:00,0.6915,0.69192,0.69137,0.69157,1456.0,3.0
2026-04-06 20:45:00,0.69156,0.69163,0.69132,0.69143,1372.0,2.0
2026-04-06 21:00:00,0.69144,0.69219,0.69132,0.69187,1638.0,8.666666666666666
2026-04-06 21:15:00,0.69188,0.6924,0.69183,0.69225,1249.0,8.333333333333334
2026-04-06 21:30:00,0.69228,0.69247,0.69174,0.69174,916.0,8.0
2026-04-06 21:45:00,0.69173,0.69199,0.69166,0.69195,661.0,8.0
2026-04-06 22:00:00,0.69197,0.69208,0.69177,0.69186,718.0,8.0
2026-04-06 22:15:00,0.69184,0.69191,0.69171,0.69176,615.0,8.0
2026-04-06 22:30:00,0.69175,0.69193,0.69174,0.69192,371.0,8.0
2026-04-06 22:45:00,0.6919,0.69217,0.6919,0.69191,545.0,8.0
2026-04-06 23:00:00,0.69192,0.692,0.69178,0.69186,352.0,12.0
2026-04-06 23:15:00,0.69185,0.69199,0.69184,0.69191,165.0,12.0
2026-04-06 23:30:00,0.69192,0.69194,0.69183,0.69188,139.0,12.0
2026-04-06 23:45:00,0.69188,0.6919,0.69162,0.69165,245.0,12.0
2026-04-07 00:00:00,0.69147,0.69151,0.69142,0.69151,18.0,33.666666666666664
2026-04-07 00:15:00,0.69153,0.69179,0.69147,0.69163,143.0,34.0
2026-04-07 00:30:00,0.69157,0.69194,0.69155,0.69182,49.0,37.666666666666664
2026-04-07 00:45:00,0.69183,0.69194,0.69166,0.69169,124.0,33.333333333333336
2026-04-07 01:00:00,0.69167,0.6923,0.69161,0.69205,245.0,12.0
2026-04-07 01:15:00,0.69207,0.69224,0.69177,0.69196,426.0,12.0
2026-04-07 01:30:00,0.69197,0.69204,0.6917,0.69171,252.0,12.0
2026-04-07 01:45:00,0.6917,0.69176,0.69142,0.69151,271.0,12.0
2026-04-07 02:00:00,0.69152,0.69172,0.6915,0.69166,174.0,12.0
2026-04-07 02:15:00,0.69163,0.69171,0.69142,0.69142,128.0,12.0
2026-04-07 02:30:00,0.69143,0.69156,0.69136,0.69141,148.0,12.0
2026-04-07 02:45:00,0.69143,0.69173,0.69142,0.69164,367.0,3.3333333333333335
2026-04-07 03:00:00,0.69163,0.69193,0.69124,0.69193,1428.0,4.333333333333333
2026-04-07 03:15:00,0.69194,0.69218,0.69174,0.69207,1496.0,3.6666666666666665
2026-04-07 03:30:00,0.69208,0.69225,0.6916,0.6918,1075.0,3.0
2026-04-07 03:45:00,0.69184,0.69194,0.69113,0.69114,990.0,2.0
2026-04-07 04:00:00,0.69114,0.69179,0.69083,0.69092,2086.0,3.3333333333333335
2026-04-07 04:15:00,0.69093,0.69143,0.69087,0.69142,1250.0,2.3333333333333335
2026-04-07 04:30:00,0.69142,0.69147,0.69014,0.69049,1768.0,3.0
2026-04-07 04:45:00,0.6905,0.69067,0.68987,0.69024,1818.0,2.3333333333333335
2026-04-07 05:00:00,0.69025,0.69038,0.68984,0.69002,1614.0,2.0
2026-04-07 05:15:00,0.69003,0.69042,0.68985,0.6904,932.0,2.0
2026-04-07 05:30:00,0.6904,0.69094,0.69039,0.6909,904.0,2.0
2026-04-07 05:45:00,0.69089,0.69094,0.69064,0.69079,643.0,2.3333333333333335
2026-04-07 06:00:00,0.6908,0.69109,0.69076,0.69089,694.0,3.0
2026-04-07 06:15:00,0.6909,0.691,0.69064,0.69087,776.0,2.6666666666666665
2026-04-07 06:30:00,0.69086,0.69136,0.69082,0.69134,557.0,2.0
2026-04-07 06:45:00,0.69133,0.69137,0.69111,0.69115,484.0,2.0
2026-04-07 07:00:00,0.69116,0.69129,0.69087,0.691,747.0,3.0
2026-04-07 07:15:00,0.69101,0.6913,0.69101,0.69119,634.0,2.3333333333333335
2026-04-07 07:30:00,0.6912,0.69167,0.69118,0.69149,818.0,2.6666666666666665
2026-04-07 07:45:00,0.69148,0.69199,0.69145,0.69174,682.0,2.3333333333333335
2026-04-07 08:00:00,0.69175,0.69181,0.69156,0.69157,622.0,2.0
2026-04-07 08:15:00,0.69157,0.69177,0.69129,0.69137,782.0,3.0
2026-04-07 08:30:00,0.69136,0.69167,0.69093,0.69093,1258.0,3.6666666666666665
2026-04-07 08:45:00,0.69092,0.69164,0.69089,0.69159,996.0,2.3333333333333335
2026-04-07 09:00:00,0.69161,0.692,0.69149,0.69181,1316.0,2.6666666666666665
2026-04-07 09:15:00,0.6918,0.69216,0.69162,0.6921,1134.0,2.6666666666666665
2026-04-07 09:30:00,0.69208,0.6922,0.69168,0.69181,1352.0,2.3333333333333335
2026-04-07 09:45:00,0.69182,0.69199,0.6917,0.69191,1280.0,2.0
2026-04-07 10:00:00,0.6919,0.692,0.69098,0.69138,1820.0,2.3333333333333335
2026-04-07 10:15:00,0.69139,0.69178,0.69118,0.69119,1583.0,2.0
2026-04-07 10:30:00,0.69119,0.69154,0.69108,0.69133,1227.0,2.0
2026-04-07 10:45:00,0.69132,0.69162,0.69124,0.69157,971.0,2.0
2026-04-07 11:00:00,0.69155,0.69333,0.69149,0.69305,3518.0,3.0
2026-04-07 11:15:00,0.69304,0.69363,0.6928,0.6934,2734.0,2.6666666666666665
2026-04-07 11:30:00,0.6934,0.69389,0.69317,0.69381,2114.0,2.0
2026-04-07 11:45:00,0.6938,0.69485,0.69345,0.69457,1858.0,2.0
2026-04-07 12:00:00,0.69454,0.69465,0.69419,0.69433,1651.0,2.0
2026-04-07 12:15:00,0.69432,0.69468,0.69408,0.69441,1541.0,2.3333333333333335
2026-04-07 12:30:00,0.6944,0.69459,0.69413,0.69413,1484.0,2.3333333333333335
2026-04-07 12:45:00,0.69414,0.69425,0.6939,0.69405,1088.0,2.3333333333333335
2026-04-07 13:00:00,0.69406,0.69434,0.69276,0.69384,2660.0,2.6666666666666665
2026-04-07 13:15:00,0.69383,0.69407,0.69246,0.69317,2966.0,3.0
2026-04-07 13:30:00,0.69318,0.69344,0.69248,0.69292,2684.0,2.3333333333333335
2026-04-07 13:45:00,0.69293,0.69308,0.69243,0.69292,2515.0,2.3333333333333335
2026-04-07 14:00:00,0.69295,0.69308,0.69254,0.6927,1676.0,2.6666666666666665
2026-04-07 14:15:00,0.69271,0.69329,0.69269,0.69304,1678.0,2.0
2026-04-07 14:30:00,0.69303,0.6937,0.69285,0.69352,1709.0,2.3333333333333335
2026-04-07 14:45:00,0.69351,0.69363,0.69309,0.69362,998.0,2.0
2026-04-07 15:00:00,0.69362,0.69433,0.69295,0.69331,2608.0,2.6666666666666665
2026-04-07 15:15:00,0.69332,0.69413,0.69316,0.6937,2347.0,2.6666666666666665
2026-04-07 15:30:00,0.69369,0.69389,0.69353,0.69369,1526.0,2.0
2026-04-07 15:45:00,0.69369,0.69468,0.69318,0.69375,2097.0,2.6666666666666665
2026-04-07 16:00:00,0.69377,0.69405,0.69343,0.69374,2335.0,2.0
2026-04-07 16:15:00,0.69375,0.69399,0.69356,0.69358,1986.0,2.0
2026-04-07 16:30:00,0.69361,0.69389,0.69281,0.69295,3784.0,2.0
2026-04-07 16:45:00,0.69296,0.69345,0.69283,0.69287,2906.0,2.0
2026-04-07 17:00:00,0.69286,0.69291,0.69244,0.69283,3458.0,2.0
2026-04-07 17:15:00,0.69282,0.69432,0.6927,0.69432,3399.0,2.0
2026-04-07 17:30:00,0.69434,0.69519,0.69402,0.69452,3035.0,2.0
2026-04-07 17:45:00,0.69448,0.69519,0.69363,0.69378,3129.0,2.0
2026-04-07 18:00:00,0.69377,0.69378,0.69277,0.69334,2791.0,2.0
2026-04-07 18:15:00,0.69333,0.69412,0.69321,0.694,3340.0,2.0
2026-04-07 18:30:00,0.69399,0.69402,0.69345,0.69348,2181.0,2.0
2026-04-07 18:45:00,0.69349,0.69474,0.69343,0.6943,2335.0,2.0
2026-04-07 19:00:00,0.69431,0.69523,0.69419,0.69427,2622.0,3.6666666666666665
2026-04-07 19:15:00,0.69426,0.69492,0.69404,0.69461,2207.0,3.6666666666666665
2026-04-07 19:30:00,0.6946,0.69487,0.69449,0.69476,1312.0,2.0
2026-04-07 19:45:00,0.69476,0.695,0.69452,0.69459,1046.0,2.3333333333333335
2026-04-07 20:00:00,0.69458,0.69509,0.69448,0.69482,1439.0,3.0
2026-04-07 20:15:00,0.69483,0.6949,0.69441,0.69452,1220.0,2.0
2026-04-07 20:30:00,0.69453,0.69581,0.69453,0.6952,2006.0,3.3333333333333335
2026-04-07 20:45:00,0.69519,0.69563,0.6951,0.69538,1103.0,2.0
2026-04-07 21:00:00,0.69537,0.69553,0.69516,0.69532,1308.0,8.0
2026-04-07 21:15:00,0.69533,0.69574,0.69523,0.69558,1026.0,8.0
2026-04-07 21:30:00,0.69559,0.6957,0.69503,0.69508,863.0,8.0
2026-04-07 21:45:00,0.69509,0.69516,0.69444,0.69468,1000.0,8.0
2026-04-07 22:00:00,0.69467,0.69518,0.69446,0.69481,1308.0,8.333333333333334
2026-04-07 22:15:00,0.69482,0.69642,0.69477,0.69571,3299.0,8.666666666666666
2026-04-07 22:30:00,0.69572,0.69623,0.69552,0.69585,1817.0,8.0
2026-04-07 22:45:00,0.69584,0.69735,0.69573,0.69707,3967.0,8.0
2026-04-07 23:00:00,0.69706,0.69756,0.6969,0.69752,1094.0,10.666666666666666
2026-04-07 23:15:00,0.69753,0.69775,0.69739,0.69747,712.0,12.0
2026-04-07 23:30:00,0.69748,0.69786,0.6973,0.69749,950.0,12.0
2026-04-07 23:45:00,0.69748,0.69769,0.69734,0.69742,822.0,12.0
2026-04-08 00:00:00,0.69672,0.69763,0.69641,0.69739,266.0,33.0
2026-04-08 00:15:00,0.69737,0.69803,0.69713,0.69746,274.0,36.333333333333336
2026-04-08 00:30:00,0.69734,0.69768,0.69701,0.69708,615.0,90.33333333333333
2026-04-08 00:45:00,0.69707,0.69756,0.69681,0.69713,303.0,71.0
2026-04-08 01:00:00,0.69743,0.69959,0.69734,0.6991,1148.0,12.0
2026-04-08 01:15:00,0.69909,0.69922,0.69889,0.69916,676.0,12.0
2026-04-08 01:30:00,0.69917,0.70401,0.69637,0.70327,4986.0,12.0
2026-04-08 01:45:00,0.70328,0.70514,0.70241,0.70483,4243.0,12.0
2026-04-08 02:00:00,0.70486,0.70694,0.70426,0.70631,3723.0,12.0
2026-04-08 02:15:00,0.70632,0.70754,0.70601,0.70622,2281.0,12.0
2026-04-08 02:30:00,0.70624,0.70707,0.70588,0.707,1831.0,12.0
2026-04-08 02:45:00,0.70704,0.70775,0.70693,0.70764,2085.0,3.0
2026-04-08 03:00:00,0.70763,0.70845,0.70679,0.70693,4306.0,3.6666666666666665
2026-04-08 03:15:00,0.70692,0.70698,0.70585,0.70599,3192.0,2.0
2026-04-08 03:30:00,0.70601,0.70616,0.70524,0.70526,2539.0,2.3333333333333335
2026-04-08 03:45:00,0.70527,0.70604,0.70487,0.70533,2472.0,2.0
2026-04-08 04:00:00,0.70532,0.70657,0.70523,0.70609,2841.0,2.6666666666666665
2026-04-08 04:15:00,0.70608,0.70717,0.70602,0.70686,2586.0,2.3333333333333335
2026-04-08 04:30:00,0.70684,0.70686,0.70602,0.70673,2664.0,2.0
2026-04-08 04:45:00,0.70673,0.70727,0.70631,0.70642,1868.0,2.0
2026-04-08 05:00:00,0.70642,0.70706,0.70602,0.70609,2008.0,2.3333333333333335
2026-04-08 05:15:00,0.70607,0.7061,0.70537,0.70557,1841.0,2.0
2026-04-08 05:30:00,0.70557,0.70571,0.70522,0.70547,1521.0,2.3333333333333335
2026-04-08 05:45:00,0.70546,0.70552,0.70497,0.70526,1295.0,3.0
2026-04-08 06:00:00,0.70527,0.70533,0.7048,0.70511,1178.0,3.6666666666666665
2026-04-08 06:15:00,0.7051,0.70541,0.7044,0.70475,1227.0,4.0
2026-04-08 06:30:00,0.70476,0.70513,0.70428,0.70482,1267.0,2.6666666666666665
2026-04-08 06:45:00,0.70483,0.70546,0.7046,0.70526,1263.0,2.0
2026-04-08 07:00:00,0.70527,0.70643,0.70521,0.70642,1398.0,3.0
2026-04-08 07:15:00,0.70643,0.70665,0.70625,0.70651,1310.0,2.0
2026-04-08 07:30:00,0.70651,0.70687,0.70639,0.70665,1075.0,2.0
2026-04-08 07:45:00,0.70665,0.70675,0.70626,0.70671,1376.0,2.0
2026-04-08 08:00:00,0.70672,0.70703,0.70615,0.70661,1620.0,4.0
2026-04-08 08:15:00,0.70663,0.70738,0.70638,0.7073,1254.0,2.3333333333333335
2026-04-08 08:30:00,0.7073,0.70758,0.70713,0.70734,1402.0,2.6666666666666665
2026-04-08 08:45:00,0.70733,0.70832,0.70711,0.70711,2083.0,3.3333333333333335
2026-04-08 09:00:00,0.70706,0.7072,0.70621,0.70664,2513.0,2.3333333333333335
2026-04-08 09:15:00,0.70664,0.70739,0.70653,0.70725,2228.0,2.0
2026-04-08 09:30:00,0.70726,0.70798,0.7071,0.70784,2202.0,2.3333333333333335
2026-04-08 09:45:00,0.70785,0.70796,0.70708,0.70715,1820.0,2.0
2026-04-08 10:00:00,0.70716,0.70719,0.70556,0.70604,2749.0,2.6666666666666665
2026-04-08 10:15:00,0.70605,0.70698,0.70583,0.70665,2077.0,2.0
2026-04-08 10:30:00,0.70663,0.70717,0.70648,0.70681,2075.0,2.0
2026-04-08 10:45:00,0.7068,0.70698,0.70604,0.70608,1726.0,2.0
2026-04-08 11:00:00,0.70607,0.70628,0.70504,0.70511,2100.0,2.0
2026-04-08 11:15:00,0.70511,0.70547,0.70485,0.70505,1609.0,2.0
2026-04-08 11:30:00,0.70504,0.70514,0.70325,0.70399,2267.0,2.3333333333333335
2026-04-08 11:45:00,0.704,0.70467,0.70388,0.70444,1676.0,2.0
2026-04-08 12:00:00,0.70445,0.70497,0.70445,0.70469,1440.0,2.6666666666666665
2026-04-08 12:15:00,0.70468,0.70479,0.70416,0.70419,1392.0,2.3333333333333335
2026-04-08 12:30:00,0.70421,0.70446,0.70354,0.7036,1613.0,2.3333333333333335
2026-04-08 12:45:00,0.70361,0.70412,0.70335,0.70352,1740.0,2.0
2026-04-08 13:00:00,0.70351,0.70397,0.70335,0.70381,1630.0,2.0
2026-04-08 13:15:00,0.70382,0.70412,0.70359,0.70403,1356.0,2.0
2026-04-08 13:30:00,0.70402,0.7043,0.70396,0.70426,1031.0,2.0
2026-04-08 13:45:00,0.70425,0.70441,0.70382,0.70386,1101.0,2.0
2026-04-08 14:00:00,0.70383,0.70433,0.7033,0.70422,1430.0,2.0
2026-04-08 14:15:00,0.70422,0.70567,0.70406,0.7054,2132.0,2.0
2026-04-08 14:30:00,0.70541,0.70546,0.70443,0.70466,2096.0,2.0
2026-04-08 14:45:00,0.70465,0.70559,0.70464,0.70541,1801.0,2.0
2026-04-08 15:00:00,0.70542,0.70604,0.70529,0.70598,2016.0,2.0
2026-04-08 15:15:00,0.70599,0.70639,0.70444,0.70554,4432.0,2.0
2026-04-08 15:30:00,0.70555,0.70688,0.70554,0.70684,2172.0,2.0
2026-04-08 15:45:00,0.70683,0.70737,0.70662,0.70708,1998.0,2.0
2026-04-08 16:00:00,0.70706,0.70781,0.70693,0.70728,2172.0,2.0
2026-04-08 16:15:00,0.70729,0.7074,0.70609,0.70622,2315.0,2.0
2026-04-08 16:30:00,0.70621,0.70645,0.70501,0.70543,4869.0,2.0
2026-04-08 16:45:00,0.70542,0.70627,0.70487,0.70552,4551.0,2.0
2026-04-08 17:00:00,0.70549,0.70612,0.70504,0.70555,3964.0,2.0
2026-04-08 17:15:00,0.70555,0.70569,0.70502,0.70528,3820.0,2.0
2026-04-08 17:30:00,0.70529,0.7054,0.70463,0.70522,3973.0,2.0
2026-04-08 17:45:00,0.70523,0.70594,0.70434,0.70588,3941.0,2.0
2026-04-08 18:00:00,0.70589,0.70597,0.70499,0.70529,3378.0,2.0
2026-04-08 18:15:00,0.70529,0.7059,0.70511,0.70541,2882.0,2.0
2026-04-08 18:30:00,0.7054,0.70637,0.70533,0.70584,2517.0,2.0
2026-04-08 18:45:00,0.70585,0.70637,0.70583,0.70607,1730.0,2.0
2026-04-08 19:00:00,0.70599,0.70624,0.70561,0.70568,1621.0,3.3333333333333335
2026-04-08 19:15:00,0.70569,0.70578,0.70519,0.7054,1621.0,3.0
2026-04-08 19:30:00,0.7054,0.70591,0.70525,0.70576,1446.0,2.0
2026-04-08 19:45:00,0.70575,0.70606,0.70568,0.70606,972.0,2.3333333333333335
2026-04-08 20:00:00,0.70606,0.70626,0.70561,0.70591,993.0,3.3333333333333335
2026-04-08 20:15:00,0.70592,0.70596,0.70492,0.70516,1578.0,4.333333333333333
2026-04-08 20:30:00,0.70515,0.70534,0.70452,0.7052,1487.0,4.333333333333333
2026-04-08 20:45:00,0.70519,0.70532,0.70499,0.70532,757.0,2.0
2026-04-08 21:00:00,0.70533,0.70571,0.70498,0.70568,1049.0,8.0
2026-04-08 21:15:00,0.70567,0.7058,0.7041,0.70411,3254.0,8.666666666666666
2026-04-08 21:30:00,0.70411,0.70437,0.70356,0.70364,1624.0,8.0
2026-04-08 21:45:00,0.70363,0.7037,0.70317,0.70321,1424.0,8.0
2026-04-08 22:00:00,0.7032,0.70373,0.70286,0.70371,1497.0,8.0
2026-04-08 22:15:00,0.7037,0.7039,0.70351,0.70363,1093.0,8.0
2026-04-08 22:30:00,0.70362,0.70466,0.70361,0.70443,1435.0,8.0
2026-04-08 22:45:00,0.70442,0.70543,0.70441,0.70527,1351.0,8.0
2026-04-08 23:00:00,0.70525,0.70541,0.70485,0.70487,650.0,12.0
2026-04-08 23:15:00,0.70488,0.70492,0.70454,0.70471,285.0,12.0
2026-04-08 23:30:00,0.7047,0.70475,0.7045,0.70458,193.0,12.0
2026-04-08 23:45:00,0.70459,0.70471,0.70427,0.70427,378.0,12.0
2026-04-09 00:00:00,0.70433,0.70479,0.70378,0.70477,190.0,31.666666666666668
2026-04-09 00:15:00,0.70476,0.70478,0.7039,0.70391,121.0,33.0
2026-04-09 00:30:00,0.70391,0.70407,0.70387,0.70401,180.0,45.0
2026-04-09 00:45:00,0.70402,0.70467,0.70397,0.70455,240.0,36.0
2026-04-09 01:00:00,0.70453,0.70476,0.70438,0.70447,294.0,12.0
2026-04-09 01:15:00,0.70448,0.70452,0.70426,0.70449,269.0,12.0
2026-04-09 01:30:00,0.7045,0.70475,0.70446,0.70459,286.0,12.0
2026-04-09 01:45:00,0.70458,0.70465,0.70453,0.70462,165.0,12.0
2026-04-09 02:00:00,0.70461,0.70476,0.70442,0.70444,306.0,12.0
2026-04-09 02:15:00,0.70443,0.70446,0.70412,0.70415,220.0,12.0
2026-04-09 02:30:00,0.70413,0.70432,0.70397,0.70423,218.0,12.0
2026-04-09 02:45:00,0.70425,0.70436,0.70387,0.70388,384.0,3.6666666666666665
2026-04-09 03:00:00,0.70389,0.70393,0.70299,0.70308,1623.0,4.666666666666667
2026-04-09 03:15:00,0.70306,0.70352,0.70303,0.70337,1167.0,3.6666666666666665
2026-04-09 03:30:00,0.70338,0.70382,0.70337,0.70372,1009.0,3.0
2026-04-09 03:45:00,0.70373,0.70377,0.70346,0.70352,1236.0,3.0
2026-04-09 04:00:00,0.70351,0.70374,0.70308,0.70311,1380.0,3.3333333333333335
2026-04-09 04:15:00,0.7031,0.70321,0.7025,0.7026,1318.0,2.6666666666666665
2026-04-09 04:30:00,0.7026,0.70352,0.70259,0.70326,1471.0,2.0
2026-04-09 04:45:00,0.70328,0.70349,0.70305,0.70339,1321.0,3.0
2026-04-09 05:00:00,0.70341,0.70358,0.70296,0.70308,1141.0,2.3333333333333335
2026-04-09 05:15:00,0.70309,0.70368,0.70305,0.70358,1060.0,2.0
2026-04-09 05:30:00,0.7036,0.70404,0.70355,0.70386,831.0,2.6666666666666665
2026-04-09 05:45:00,0.70385,0.7041,0.70364,0.7038,765.0,3.0
2026-04-09 06:00:00,0.70379,0.70391,0.70362,0.7037,824.0,2.3333333333333335
2026-04-09 06:15:00,0.70369,0.70391,0.70362,0.70378,530.0,2.0
2026-04-09 06:30:00,0.70377,0.70402,0.70377,0.70395,533.0,2.6666666666666665
2026-04-09 06:45:00,0.70396,0.70416,0.70352,0.70399,1012.0,2.6666666666666665
2026-04-09 07:00:00,0.704,0.70451,0.70394,0.7045,689.0,3.0
2026-04-09 07:15:00,0.70451,0.70463,0.7044,0.70459,544.0,2.0
2026-04-09 07:30:00,0.70458,0.70464,0.7044,0.70449,446.0,2.0
2026-04-09 07:45:00,0.7045,0.70451,0.70398,0.70403,618.0,2.3333333333333335
2026-04-09 08:00:00,0.70404,0.70432,0.70383,0.70389,697.0,2.3333333333333335
2026-04-09 08:15:00,0.70393,0.70449,0.7039,0.7042,919.0,3.0
2026-04-09 08:30:00,0.70419,0.70424,0.70397,0.70405,730.0,2.6666666666666665
2026-04-09 08:45:00,0.70404,0.70405,0.70334,0.70347,827.0,2.3333333333333335
2026-04-09 09:00:00,0.70349,0.70381,0.70322,0.70329,1320.0,2.6666666666666665
2026-04-09 09:15:00,0.70328,0.70355,0.70317,0.70353,1238.0,2.0
2026-04-09 09:30:00,0.70354,0.70369,0.70328,0.70358,1513.0,2.0
2026-04-09 09:45:00,0.70357,0.70405,0.70339,0.70404,1429.0,2.3333333333333335
2026-04-09 10:00:00,0.70403,0.70413,0.70346,0.7036,1412.0,2.0
2026-04-09 10:15:00,0.70359,0.70369,0.70282,0.7031,1751.0,2.0
2026-04-09 10:30:00,0.70311,0.70339,0.70267,0.70314,1445.0,2.0
2026-04-09 10:45:00,0.70314,0.70321,0.70285,0.70289,1364.0,2.0
2026-04-09 11:00:00,0.7029,0.70308,0.70232,0.70234,1451.0,2.0
2026-04-09 11:15:00,0.70235,0.70266,0.70227,0.70237,1209.0,2.0
2026-04-09 11:30:00,0.70239,0.70285,0.70235,0.70282,1309.0,2.0
2026-04-09 11:45:00,0.70281,0.70315,0.70267,0.70267,1086.0,2.0
2026-04-09 12:00:00,0.70266,0.70306,0.70221,0.70304,1243.0,2.0
2026-04-09 12:15:00,0.70305,0.70314,0.7029,0.7029,966.0,2.0
2026-04-09 12:30:00,0.70288,0.70322,0.70284,0.70312,621.0,2.0
2026-04-09 12:45:00,0.70312,0.70335,0.70302,0.70326,878.0,2.3333333333333335
2026-04-09 13:00:00,0.70325,0.70353,0.70313,0.70314,933.0,2.0
2026-04-09 13:15:00,0.70315,0.70335,0.70301,0.70319,1059.0,2.0
2026-04-09 13:30:00,0.7032,0.70327,0.70295,0.70308,830.0,2.0
2026-04-09 13:45:00,0.70307,0.70332,0.70296,0.70296,1071.0,2.3333333333333335
2026-04-09 14:00:00,0.70295,0.70332,0.7029,0.7032,1109.0,2.3333333333333335
2026-04-09 14:15:00,0.7032,0.70376,0.7032,0.70374,1070.0,2.0
2026-04-09 14:30:00,0.70374,0.70439,0.70369,0.70429,1139.0,2.0
2026-04-09 14:45:00,0.70432,0.70457,0.70425,0.70455,1061.0,2.3333333333333335
2026-04-09 15:00:00,0.70456,0.7046,0.70407,0.7042,1251.0,2.0
2026-04-09 15:15:00,0.70421,0.70433,0.7039,0.70416,1065.0,2.6666666666666665
2026-04-09 15:30:00,0.70405,0.70457,0.70367,0.70383,2890.0,3.0
2026-04-09 15:45:00,0.70382,0.70416,0.70338,0.70413,1530.0,2.3333333333333335
2026-04-09 16:00:00,0.70415,0.70436,0.70396,0.7043,1510.0,2.0
2026-04-09 16:15:00,0.70429,0.70479,0.70426,0.70457,1149.0,2.0
2026-04-09 16:30:00,0.70458,0.70577,0.70455,0.70565,1974.0,3.0
2026-04-09 16:45:00,0.70565,0.70581,0.70497,0.70509,1865.0,2.3333333333333335
2026-04-09 17:00:00,0.7051,0.70585,0.70499,0.70565,2145.0,2.0
2026-04-09 17:15:00,0.70564,0.70573,0.70522,0.70572,2129.0,2.0
2026-04-09 17:30:00,0.70567,0.70567,0.70462,0.70487,1979.0,2.0
2026-04-09 17:45:00,0.70486,0.70608,0.70482,0.70601,2190.0,2.3333333333333335
2026-04-09 18:00:00,0.706,0.70609,0.70536,0.70605,2264.0,2.0
2026-04-09 18:15:00,0.70606,0.70718,0.70605,0.70655,2076.0,2.3333333333333335
2026-04-09 18:30:00,0.70656,0.7082,0.70646,0.7078,3778.0,2.6666666666666665
2026-04-09 18:45:00,0.70781,0.70861,0.70755,0.70854,2167.0,2.0
2026-04-09 19:00:00,0.70852,0.70908,0.70823,0.70866,1874.0,2.6666666666666665
2026-04-09 19:15:00,0.70867,0.70924,0.70857,0.70916,1435.0,2.6666666666666665
2026-04-09 19:30:00,0.70915,0.70921,0.70861,0.70873,1197.0,3.0
2026-04-09 19:45:00,0.70872,0.70891,0.70844,0.70855,1119.0,2.6666666666666665
2026-04-09 20:00:00,0.70856,0.70905,0.7084,0.70897,1097.0,3.0
2026-04-09 20:15:00,0.70896,0.70925,0.70891,0.70921,1438.0,2.3333333333333335
2026-04-09 20:30:00,0.70923,0.70949,0.70885,0.70915,1461.0,2.0
2026-04-09 20:45:00,0.70918,0.70931,0.70888,0.709,1185.0,2.6666666666666665
2026-04-09 21:00:00,0.709,0.70901,0.70777,0.70794,2100.0,8.666666666666666
2026-04-09 21:15:00,0.70793,0.7081,0.7075,0.70768,1471.0,8.0
2026-04-09 21:30:00,0.70767,0.70793,0.70729,0.70774,1364.0,8.0
2026-04-09 21:45:00,0.70775,0.70797,0.70768,0.70782,1354.0,8.0
2026-04-09 22:00:00,0.70781,0.70829,0.70775,0.70826,919.0,8.0
2026-04-09 22:15:00,0.70827,0.70834,0.70787,0.70822,728.0,8.0
2026-04-09 22:30:00,0.70823,0.70863,0.70821,0.70859,695.0,8.0
2026-04-09 22:45:00,0.70857,0.70863,0.70834,0.70848,737.0,8.0
2026-04-09 23:00:00,0.70848,0.70863,0.70823,0.7084,524.0,12.0
2026-04-09 23:15:00,0.70842,0.70854,0.70825,0.70844,308.0,12.0
2026-04-09 23:30:00,0.70845,0.7085,0.7083,0.70838,151.0,12.0
2026-04-09 23:45:00,0.70839,0.70845,0.70819,0.70832,260.0,12.0
2026-04-10 00:00:00,0.70778,0.70813,0.70736,0.70812,359.0,33.0
2026-04-10 00:15:00,0.70818,0.70843,0.70805,0.70829,117.0,37.333333333333336
2026-04-10 00:30:00,0.70829,0.70839,0.70735,0.70777,150.0,36.666666666666664
2026-04-10 00:45:00,0.70777,0.70828,0.70775,0.708,119.0,33.666666666666664
2026-04-10 01:00:00,0.70796,0.70861,0.70796,0.70829,494.0,12.0
2026-04-10 01:15:00,0.70828,0.70832,0.70793,0.70793,222.0,12.0
2026-04-10 01:30:00,0.70794,0.70819,0.70785,0.70789,472.0,12.0
2026-04-10 01:45:00,0.7079,0.70798,0.70785,0.70795,239.0,12.0
2026-04-10 02:00:00,0.70794,0.70798,0.70783,0.70791,196.0,12.0
2026-04-10 02:15:00,0.70792,0.70793,0.7077,0.70778,228.0,12.0
2026-04-10 02:30:00,0.70777,0.70798,0.70767,0.70767,183.0,12.0
2026-04-10 02:45:00,0.70769,0.70783,0.70744,0.7075,331.0,3.0
2026-04-10 03:00:00,0.70752,0.70756,0.70701,0.70714,1020.0,4.0
2026-04-10 03:15:00,0.70715,0.70732,0.70705,0.7071,628.0,3.0
2026-04-10 03:30:00,0.70711,0.70748,0.70705,0.70724,518.0,2.3333333333333335
2026-04-10 03:45:00,0.70725,0.70757,0.7072,0.70756,534.0,2.6666666666666665
2026-04-10 04:00:00,0.70755,0.70758,0.70728,0.70732,702.0,2.3333333333333335
2026-04-10 04:15:00,0.70733,0.70759,0.70723,0.70758,671.0,2.0
2026-04-10 04:30:00,0.70759,0.70817,0.70748,0.70815,688.0,3.3333333333333335
2026-04-10 04:45:00,0.70815,0.70831,0.70753,0.7076,804.0,3.0
2026-04-10 05:00:00,0.70765,0.70785,0.70724,0.70724,893.0,3.3333333333333335
2026-04-10 05:15:00,0.70725,0.70741,0.70687,0.70688,717.0,2.0
2026-04-10 05:30:00,0.70689,0.70716,0.70685,0.70715,581.0,2.0
2026-04-10 05:45:00,0.70713,0.70716,0.70687,0.7069,427.0,2.0
2026-04-10 06:00:00,0.70691,0.70708,0.70672,0.70674,415.0,2.0
2026-04-10 06:15:00,0.70675,0.70716,0.70669,0.70701,450.0,2.0
2026-04-10 06:30:00,0.70702,0.70712,0.70678,0.70685,423.0,2.6666666666666665
2026-04-10 06:45:00,0.70686,0.70718,0.7068,0.70696,493.0,2.0
2026-04-10 07:00:00,0.70695,0.70713,0.70686,0.70691,539.0,2.0
2026-04-10 07:15:00,0.7069,0.70695,0.70668,0.70669,435.0,2.0
2026-04-10 07:30:00,0.70671,0.70681,0.70653,0.70653,371.0,2.6666666666666665
2026-04-10 07:45:00,0.70652,0.70693,0.70652,0.7067,348.0,2.0
2026-04-10 08:00:00,0.70669,0.70679,0.70644,0.70654,439.0,2.3333333333333335
2026-04-10 08:15:00,0.70655,0.70686,0.70652,0.70661,527.0,2.0
2026-04-10 08:30:00,0.70661,0.70699,0.70661,0.70679,487.0,2.0
2026-04-10 08:45:00,0.70679,0.70711,0.70679,0.70706,417.0,2.0
2026-04-10 09:00:00,0.70707,0.70729,0.70652,0.70655,746.0,2.3333333333333335
2026-04-10 09:15:00,0.70654,0.70661,0.70636,0.7064,650.0,2.0
2026-04-10 09:30:00,0.70641,0.70675,0.70622,0.70639,808.0,2.3333333333333335
2026-04-10 09:45:00,0.7064,0.70649,0.70613,0.70628,645.0,2.0
2026-04-10 10:00:00,0.70626,0.70651,0.70597,0.70635,921.0,2.0
2026-04-10 10:15:00,0.70634,0.70659,0.70602,0.70633,899.0,2.3333333333333335
2026-04-10 10:30:00,0.70634,0.70634,0.70595,0.70608,746.0,2.3333333333333335
2026-04-10 10:45:00,0.70611,0.70612,0.70535,0.70549,784.0,2.0
2026-04-10 11:00:00,0.70548,0.70612,0.70537,0.7061,1053.0,2.0
2026-04-10 11:15:00,0.70611,0.70626,0.70583,0.70624,801.0,2.0
2026-04-10 11:30:00,0.70623,0.70648,0.70621,0.70635,662.0,2.0
2026-04-10 11:45:00,0.70634,0.70646,0.7058,0.70581,863.0,2.3333333333333335
2026-04-10 12:00:00,0.7058,0.70606,0.70569,0.7059,753.0,2.0
2026-04-10 12:15:00,0.70589,0.70707,0.70584,0.70636,2257.0,2.6666666666666665
2026-04-10 12:30:00,0.70635,0.70659,0.70608,0.70653,935.0,2.6666666666666665
2026-04-10 12:45:00,0.70652,0.70681,0.70636,0.70676,949.0,3.0
2026-04-10 13:00:00,0.70677,0.70682,0.70642,0.70646,850.0,2.6666666666666665
2026-04-10 13:15:00,0.70645,0.70695,0.70633,0.70665,796.0,2.0
2026-04-10 13:30:00,0.70666,0.7068,0.70656,0.70665,712.0,2.0
2026-04-10 13:45:00,0.70666,0.70688,0.70651,0.70678,684.0,2.3333333333333335
2026-04-10 14:00:00,0.70679,0.70703,0.70672,0.70686,684.0,2.6666666666666665
2026-04-10 14:15:00,0.70687,0.70716,0.70676,0.70694,698.0,2.0
2026-04-10 14:30:00,0.70695,0.70705,0.7067,0.707,741.0,2.0
2026-04-10 14:45:00,0.70699,0.70725,0.70695,0.70717,636.0,2.3333333333333335
2026-04-10 15:00:00,0.70718,0.70737,0.70711,0.70731,928.0,2.3333333333333335
2026-04-10 15:15:00,0.7073,0.70754,0.70724,0.70746,876.0,3.0
2026-04-10 15:30:00,0.70745,0.70827,0.70723,0.70781,2231.0,3.3333333333333335
2026-04-10 15:45:00,0.70782,0.70788,0.70749,0.70763,1351.0,2.3333333333333335
2026-04-10 16:00:00,0.70764,0.70806,0.70745,0.70797,1333.0,3.0
2026-04-10 16:15:00,0.70796,0.70871,0.70783,0.70864,1147.0,3.0
2026-04-10 16:30:00,0.70865,0.70879,0.70786,0.70791,2297.0,3.0
2026-04-10 16:45:00,0.70793,0.70809,0.70735,0.70781,1797.0,2.6666666666666665
2026-04-10 17:00:00,0.70783,0.70855,0.70767,0.70855,1733.0,2.3333333333333335
2026-04-10 17:15:00,0.70854,0.70938,0.70838,0.70911,1627.0,2.0
2026-04-10 17:30:00,0.70911,0.70926,0.7081,0.70854,1858.0,2.0
2026-04-10 17:45:00,0.70853,0.70863,0.70798,0.70833,2170.0,2.3333333333333335
2026-04-10 18:00:00,0.70834,0.70867,0.70785,0.70848,1656.0,2.0
2026-04-10 18:15:00,0.70849,0.70889,0.70812,0.70815,1240.0,2.0
2026-04-10 18:30:00,0.70816,0.70838,0.70764,0.7078,1906.0,3.0
2026-04-10 18:45:00,0.70779,0.70789,0.70751,0.70767,1536.0,2.0
2026-04-10 19:00:00,0.70767,0.70769,0.70728,0.70753,1316.0,3.3333333333333335
2026-04-10 19:15:00,0.70752,0.70761,0.70722,0.70722,1138.0,3.6666666666666665
2026-04-10 19:30:00,0.7072,0.70735,0.70654,0.70654,1342.0,4.0
2026-04-10 19:45:00,0.70653,0.70726,0.7065,0.70713,1192.0,2.6666666666666665
2026-04-10 20:00:00,0.70713,0.70727,0.70678,0.70721,1286.0,2.0
2026-04-10 20:15:00,0.7072,0.7073,0.70701,0.70721,667.0,2.0
2026-04-10 20:30:00,0.70721,0.70762,0.70703,0.70753,801.0,2.0
2026-04-10 20:45:00,0.70752,0.7077,0.70737,0.70742,678.0,2.3333333333333335
2026-04-10 21:00:00,0.70741,0.70741,0.70695,0.70735,940.0,8.333333333333334
2026-04-10 21:15:00,0.70736,0.70785,0.70731,0.70777,1033.0,8.0
2026-04-10 21:30:00,0.70776,0.7082,0.70776,0.70791,855.0,8.333333333333334
2026-04-10 21:45:00,0.7079,0.70796,0.70779,0.7079,815.0,8.0
2026-04-10 22:00:00,0.70794,0.70801,0.70773,0.70787,616.0,8.0
2026-04-10 22:15:00,0.70786,0.70795,0.70775,0.70781,452.0,8.0
2026-04-10 22:30:00,0.7078,0.70789,0.70766,0.70782,426.0,8.0
2026-04-10 22:45:00,0.70781,0.70789,0.70765,0.70768,594.0,8.0
2026-04-10 23:00:00,0.70767,0.70782,0.70758,0.70776,538.0,12.0
2026-04-10 23:15:00,0.70777,0.70779,0.70753,0.7076,477.0,12.0
2026-04-10 23:30:00,0.70761,0.70772,0.70755,0.70768,333.0,12.0
2026-04-10 23:45:00,0.70768,0.70776,0.70532,0.7062,1571.0,12.0
2026-04-13 00:00:00,0.6985,0.69993,0.6985,0.69993,62.0,64.33333333333333
2026-04-13 00:15:00,0.69988,0.70093,0.69988,0.70074,137.0,42.666666666666664
2026-04-13 00:30:00,0.70078,0.70116,0.70054,0.70095,146.0,40.0
2026-04-13 00:45:00,0.70094,0.7011,0.70054,0.70073,167.0,52.0
2026-04-13 01:00:00,0.70075,0.70147,0.70004,0.70139,1656.0,12.0
2026-04-13 01:15:00,0.70141,0.70189,0.70123,0.70142,1539.0,12.0
2026-04-13 01:30:00,0.70144,0.70216,0.70133,0.70203,1676.0,12.0
2026-04-13 01:45:00,0.70202,0.70219,0.70181,0.70203,507.0,12.0
2026-04-13 02:00:00,0.70202,0.7021,0.70159,0.70176,660.0,12.0
2026-04-13 02:15:00,0.70177,0.70179,0.70123,0.70141,516.0,12.0
2026-04-13 02:30:00,0.7014,0.70163,0.70138,0.70159,421.0,12.0
2026-04-13 02:45:00,0.7016,0.70217,0.7016,0.70195,888.0,3.3333333333333335
2026-04-13 03:00:00,0.70194,0.70224,0.70166,0.7022,1542.0,4.0
2026-04-13 03:15:00,0.70218,0.70296,0.70215,0.70269,1050.0,2.3333333333333335
2026-04-13 03:30:00,0.7027,0.70333,0.7027,0.70283,1009.0,2.0
2026-04-13 03:45:00,0.70284,0.70337,0.70282,0.70337,1049.0,2.0
2026-04-13 04:00:00,0.70338,0.70424,0.70337,0.70376,1604.0,3.0
2026-04-13 04:15:00,0.70377,0.70379,0.70341,0.7035,1071.0,2.0
2026-04-13 04:30:00,0.70349,0.70352,0.70288,0.70291,1091.0,2.0
2026-04-13 04:45:00,0.7029,0.70345,0.70276,0.70336,1015.0,2.3333333333333335
2026-04-13 05:00:00,0.70337,0.7036,0.70317,0.70353,810.0,2.0
2026-04-13 05:15:00,0.70352,0.70368,0.70342,0.70362,699.0,2.3333333333333335
2026-04-13 05:30:00,0.70363,0.70387,0.70346,0.70357,662.0,2.0
2026-04-13 05:45:00,0.7036,0.70367,0.70311,0.70366,673.0,3.3333333333333335
2026-04-13 06:00:00,0.70367,0.7039,0.70326,0.70327,749.0,2.6666666666666665
2026-04-13 06:15:00,0.70325,0.70359,0.70324,0.7035,698.0,2.0
2026-04-13 06:30:00,0.70351,0.70373,0.70319,0.70364,580.0,2.0
2026-04-13 06:45:00,0.70363,0.70391,0.70338,0.70383,503.0,2.0
2026-04-13 07:00:00,0.70383,0.70393,0.70367,0.70388,535.0,2.0
2026-04-13 07:15:00,0.70389,0.704,0.70379,0.70392,413.0,2.0
2026-04-13 07:30:00,0.70392,0.70405,0.70383,0.70395,429.0,2.6666666666666665
2026-04-13 07:45:00,0.70394,0.70409,0.70359,0.70366,679.0,3.3333333333333335
2026-04-13 08:00:00,0.70365,0.7038,0.70345,0.70371,837.0,2.3333333333333335
2026-04-13 08:15:00,0.7037,0.70407,0.70362,0.70404,688.0,2.0
2026-04-13 08:30:00,0.70403,0.70429,0.7038,0.70389,733.0,3.0
2026-04-13 08:45:00,0.70388,0.70417,0.70386,0.70394,563.0,2.3333333333333335
2026-04-13 09:00:00,0.70395,0.70443,0.7039,0.70407,1042.0,2.6666666666666665
2026-04-13 09:15:00,0.70408,0.70436,0.70398,0.70429,830.0,2.3333333333333335
2026-04-13 09:30:00,0.7043,0.7044,0.70407,0.70412,709.0,2.0
2026-04-13 09:45:00,0.70413,0.70446,0.70404,0.70446,746.0,2.0
2026-04-13 10:00:00,0.70448,0.70526,0.70448,0.70485,1112.0,2.3333333333333335
2026-04-13 10:15:00,0.70484,0.70532,0.70478,0.70531,860.0,2.0
2026-04-13 10:30:00,0.7053,0.70588,0.7053,0.70543,1064.0,2.0
2026-04-13 10:45:00,0.70542,0.70567,0.7051,0.70564,991.0,2.0
2026-04-13 11:00:00,0.70563,0.70586,0.70536,0.70537,1180.0,2.0
2026-04-13 11:15:00,0.70536,0.70562,0.70525,0.70554,848.0,2.0
2026-04-13 11:30:00,0.70555,0.70572,0.70506,0.70514,935.0,2.0
2026-04-13 11:45:00,0.70518,0.70533,0.70511,0.70523,844.0,2.0
2026-04-13 12:00:00,0.70523,0.70553,0.70457,0.70469,1004.0,2.0
2026-04-13 12:15:00,0.70468,0.70511,0.70459,0.70488,714.0,2.0
2026-04-13 12:30:00,0.70486,0.70512,0.7047,0.70478,627.0,2.0
2026-04-13 12:45:00,0.70477,0.70487,0.7045,0.70466,569.0,2.0
2026-04-13 13:00:00,0.70466,0.70496,0.70463,0.70478,689.0,2.0
2026-04-13 13:15:00,0.70477,0.70477,0.70449,0.70475,604.0,2.0
2026-04-13 13:30:00,0.70476,0.70492,0.7047,0.70485,518.0,2.0
2026-04-13 13:45:00,0.70485,0.70512,0.70484,0.70501,662.0,2.0
2026-04-13 14:00:00,0.705,0.70556,0.705,0.70532,909.0,3.0
2026-04-13 14:15:00,0.70531,0.70538,0.70456,0.70461,660.0,3.0
2026-04-13 14:30:00,0.70462,0.70493,0.704,0.70425,1062.0,3.0
2026-04-13 14:45:00,0.70426,0.70432,0.70344,0.70351,1310.0,3.3333333333333335
2026-04-13 15:00:00,0.70352,0.7037,0.7029,0.70363,1634.0,3.0
2026-04-13 15:15:00,0.70364,0.70379,0.70346,0.70352,1258.0,2.0
2026-04-13 15:30:00,0.70353,0.70356,0.70305,0.70338,1353.0,2.0
2026-04-13 15:45:00,0.70338,0.70452,0.70338,0.70437,1147.0,2.3333333333333335
2026-04-13 16:00:00,0.70439,0.70487,0.70432,0.70475,1259.0,2.0
2026-04-13 16:15:00,0.70474,0.70481,0.70429,0.70433,1212.0,2.0
2026-04-13 16:30:00,0.70434,0.70517,0.7042,0.70487,1942.0,2.6666666666666665
2026-04-13 16:45:00,0.70488,0.70624,0.70484,0.70574,3614.0,3.3333333333333335
2026-04-13 17:00:00,0.70573,0.70622,0.70561,0.70613,2192.0,2.3333333333333335
2026-04-13 17:15:00,0.70613,0.70677,0.7057,0.70664,2581.0,2.6666666666666665
2026-04-13 17:30:00,0.70663,0.70685,0.70636,0.70676,1444.0,2.0
2026-04-13 17:45:00,0.70676,0.70701,0.70634,0.70652,1777.0,2.0
2026-04-13 18:00:00,0.70651,0.70651,0.70607,0.70624,1975.0,2.0
2026-04-13 18:15:00,0.70625,0.70635,0.70584,0.70585,1362.0,2.0
2026-04-13 18:30:00,0.70584,0.70667,0.70556,0.70621,1550.0,2.3333333333333335
2026-04-13 18:45:00,0.7062,0.70622,0.70595,0.70618,1275.0,2.0
2026-04-13 19:00:00,0.70618,0.70658,0.70574,0.70609,1777.0,3.3333333333333335
2026-04-13 19:15:00,0.70611,0.70723,0.7061,0.70703,1775.0,3.0
2026-04-13 19:30:00,0.70702,0.70787,0.70699,0.70784,2497.0,4.0
2026-04-13 19:45:00,0.70782,0.70841,0.70779,0.70813,2124.0,2.6666666666666665
2026-04-13 20:00:00,0.70813,0.70881,0.70812,0.70876,1116.0,2.0
2026-04-13 20:15:00,0.70877,0.70909,0.70873,0.70898,768.0,2.6666666666666665
2026-04-13 20:30:00,0.70898,0.7091,0.7087,0.70876,715.0,2.6666666666666665
2026-04-13 20:45:00,0.70875,0.70892,0.70862,0.70887,650.0,3.3333333333333335
2026-04-13 21:00:00,0.70888,0.70917,0.70886,0.70909,614.0,8.0
2026-04-13 21:15:00,0.7091,0.70912,0.70875,0.70886,747.0,8.0
2026-04-13 21:30:00,0.70884,0.70944,0.70881,0.70936,802.0,8.333333333333334
2026-04-13 21:45:00,0.70937,0.71002,0.70934,0.70992,929.0,8.333333333333334
2026-04-13 22:00:00,0.70991,0.71005,0.70952,0.70968,598.0,8.0
2026-04-13 22:15:00,0.70969,0.70986,0.70956,0.7098,603.0,8.0
2026-04-13 22:30:00,0.70981,0.70993,0.70953,0.70962,565.0,8.0
2026-04-13 22:45:00,0.70961,0.7098,0.70941,0.70966,868.0,8.333333333333334
2026-04-13 23:00:00,0.70965,0.70987,0.70964,0.70972,464.0,12.0
2026-04-13 23:15:00,0.70974,0.70981,0.70961,0.70964,195.0,12.0
2026-04-13 23:30:00,0.70965,0.70977,0.70963,0.70971,200.0,12.0
2026-04-13 23:45:00,0.7097,0.70974,0.70937,0.70943,282.0,12.0
2026-04-14 00:00:00,0.7092,0.70929,0.70893,0.70913,42.0,33.0
2026-04-14 00:15:00,0.70911,0.70974,0.70911,0.70968,76.0,33.666666666666664
2026-04-14 00:30:00,0.70969,0.70974,0.70913,0.70934,131.0,33.0
2026-04-14 00:45:00,0.70934,0.70942,0.70925,0.70926,53.0,35.666666666666664
2026-04-14 01:00:00,0.70923,0.71005,0.70923,0.70981,391.0,12.0
2026-04-14 01:15:00,0.7098,0.70982,0.70962,0.70981,155.0,12.0
2026-04-14 01:30:00,0.7098,0.71015,0.7098,0.70996,411.0,12.0
2026-04-14 01:45:00,0.70998,0.71009,0.70998,0.71002,151.0,12.0
2026-04-14 02:00:00,0.71001,0.71025,0.70996,0.71007,309.0,12.0
2026-04-14 02:15:00,0.71008,0.71019,0.71005,0.7101,167.0,12.0
2026-04-14 02:30:00,0.71009,0.7101,0.70984,0.70988,245.0,12.0
2026-04-14 02:45:00,0.7099,0.71003,0.70971,0.70989,359.0,4.0
2026-04-14 03:00:00,0.7099,0.7099,0.70919,0.70925,1017.0,4.666666666666667
2026-04-14 03:15:00,0.70926,0.70953,0.70923,0.70929,636.0,2.3333333333333335
2026-04-14 03:30:00,0.7093,0.70939,0.70879,0.70884,588.0,2.6666666666666665
2026-04-14 03:45:00,0.70883,0.70902,0.70866,0.70902,728.0,2.0
2026-04-14 04:00:00,0.70903,0.70913,0.70875,0.70903,789.0,2.3333333333333335
2026-04-14 04:15:00,0.70903,0.70909,0.70865,0.70875,826.0,2.0
2026-04-14 04:30:00,0.70874,0.7088,0.70826,0.7083,867.0,2.3333333333333335
2026-04-14 04:45:00,0.70829,0.70832,0.70786,0.70794,666.0,2.3333333333333335
2026-04-14 05:00:00,0.70793,0.70823,0.70788,0.70815,574.0,2.0
2026-04-14 05:15:00,0.70814,0.70838,0.70803,0.70818,561.0,2.3333333333333335
2026-04-14 05:30:00,0.70817,0.70858,0.70799,0.70845,577.0,2.3333333333333335
2026-04-14 05:45:00,0.70846,0.70849,0.7081,0.70822,536.0,2.0
2026-04-14 06:00:00,0.70823,0.70842,0.70814,0.70839,476.0,2.0
2026-04-14 06:15:00,0.70844,0.7087,0.70842,0.70859,527.0,2.0
2026-04-14 06:30:00,0.7086,0.70874,0.70841,0.70857,442.0,2.0
2026-04-14 06:45:00,0.70856,0.70871,0.70842,0.70846,419.0,2.0
2026-04-14 07:00:00,0.70847,0.70861,0.70845,0.70855,315.0,2.0
2026-04-14 07:15:00,0.70854,0.7091,0.70839,0.70897,461.0,2.3333333333333335
2026-04-14 07:30:00,0.70898,0.709,0.70882,0.70887,419.0,2.0
2026-04-14 07:45:00,0.70888,0.70903,0.70861,0.70881,414.0,2.3333333333333335
2026-04-14 08:00:00,0.70882,0.70891,0.70832,0.70838,571.0,4.0
2026-04-14 08:15:00,0.70839,0.7084,0.70785,0.708,572.0,2.3333333333333335
2026-04-14 08:30:00,0.70799,0.70841,0.70785,0.70839,669.0,2.6666666666666665
2026-04-14 08:45:00,0.7084,0.70847,0.70801,0.70811,694.0,2.3333333333333335
2026-04-14 09:00:00,0.70813,0.70856,0.70801,0.70802,856.0,3.0
2026-04-14 09:15:00,0.708,0.70845,0.70771,0.70843,866.0,2.3333333333333335
2026-04-14 09:30:00,0.70842,0.70885,0.70835,0.70884,733.0,2.0
2026-04-14 09:45:00,0.70883,0.70933,0.70883,0.70926,841.0,2.0
2026-04-14 10:00:00,0.70927,0.71042,0.70926,0.70957,2071.0,3.0
2026-04-14 10:15:00,0.70958,0.70979,0.70934,0.70952,1401.0,2.0
2026-04-14 10:30:00,0.70953,0.7102,0.70949,0.70975,1396.0,2.3333333333333335
2026-04-14 10:45:00,0.70977,0.70996,0.70938,0.70964,1352.0,2.0
2026-04-14 11:00:00,0.70963,0.70974,0.70935,0.70964,1188.0,2.0
2026-04-14 11:15:00,0.70964,0.71014,0.70957,0.71012,892.0,2.0
2026-04-14 11:30:00,0.71013,0.71075,0.70995,0.71049,1090.0,2.6666666666666665
2026-04-14 11:45:00,0.7105,0.7105,0.71023,0.71042,766.0,2.0
2026-04-14 12:00:00,0.71043,0.71092,0.71043,0.7106,891.0,2.6666666666666665
2026-04-14 12:15:00,0.71061,0.71092,0.71052,0.71052,949.0,2.0
2026-04-14 12:30:00,0.71053,0.71144,0.71038,0.71132,908.0,2.0
2026-04-14 12:45:00,0.71131,0.71139,0.71099,0.71133,609.0,2.0
2026-04-14 13:00:00,0.71132,0.71216,0.71132,0.71211,953.0,2.0
2026-04-14 13:15:00,0.71213,0.71213,0.71146,0.71164,1063.0,2.0
2026-04-14 13:30:00,0.71164,0.71198,0.71157,0.7119,894.0,2.0
2026-04-14 13:45:00,0.7119,0.71226,0.71181,0.71191,718.0,2.0
2026-04-14 14:00:00,0.7119,0.71236,0.71183,0.71229,653.0,2.3333333333333335
2026-04-14 14:15:00,0.7123,0.71273,0.71225,0.7127,604.0,2.6666666666666665
2026-04-14 14:30:00,0.71271,0.71271,0.71194,0.71261,735.0,2.6666666666666665
2026-04-14 14:45:00,0.71263,0.71303,0.71235,0.71263,1413.0,2.0
2026-04-14 15:00:00,0.71262,0.71284,0.71207,0.71252,1333.0,3.0
2026-04-14 15:15:00,0.71253,0.71274,0.71206,0.71264,1246.0,2.0
2026-04-14 15:30:00,0.71265,0.71302,0.71245,0.71296,1718.0,2.3333333333333335
2026-04-14 15:45:00,0.71297,0.71367,0.71288,0.71363,1504.0,2.0
2026-04-14 16:00:00,0.71362,0.71396,0.71339,0.71372,1365.0,2.6666666666666665
2026-04-14 16:15:00,0.71372,0.71381,0.71331,0.71335,1091.0,2.0
2026-04-14 16:30:00,0.71338,0.71385,0.71298,0.71368,2185.0,3.0
2026-04-14 16:45:00,0.71369,0.71383,0.71347,0.71376,1476.0,2.0
2026-04-14 17:00:00,0.71377,0.71448,0.71366,0.71438,1904.0,2.6666666666666665
2026-04-14 17:15:00,0.71439,0.71469,0.71429,0.71446,1431.0,2.0
2026-04-14 17:30:00,0.71447,0.71479,0.7142,0.71452,1403.0,2.0
2026-04-14 17:45:00,0.71451,0.71463,0.71404,0.71424,1392.0,2.0
2026-04-14 18:00:00,0.71425,0.71425,0.71345,0.71364,1862.0,2.6666666666666665
2026-04-14 18:15:00,0.71364,0.71394,0.7133,0.7136,1673.0,2.3333333333333335
2026-04-14 18:30:00,0.71359,0.71402,0.71343,0.71353,1810.0,2.0
2026-04-14 18:45:00,0.71354,0.71362,0.71305,0.71306,990.0,2.0
2026-04-14 19:00:00,0.71304,0.71321,0.7128,0.713,991.0,2.0
2026-04-14 19:15:00,0.71301,0.71319,0.71285,0.71315,767.0,2.6666666666666665
2026-04-14 19:30:00,0.71312,0.71321,0.71289,0.71314,750.0,2.6666666666666665
2026-04-14 19:45:00,0.71315,0.71318,0.71288,0.71291,728.0,2.3333333333333335
2026-04-14 20:00:00,0.71292,0.71314,0.7127,0.71299,714.0,3.0
2026-04-14 20:15:00,0.71298,0.71353,0.71295,0.71337,759.0,2.0
2026-04-14 20:30:00,0.71338,0.71353,0.71332,0.71349,682.0,2.0
2026-04-14 20:45:00,0.71349,0.7135,0.71318,0.71325,652.0,2.6666666666666665
2026-04-14 21:00:00,0.71325,0.71338,0.71307,0.7131,633.0,8.0
2026-04-14 21:15:00,0.71309,0.7131,0.71242,0.71264,999.0,8.333333333333334
2026-04-14 21:30:00,0.71264,0.71297,0.71259,0.71274,771.0,8.0
2026-04-14 21:45:00,0.71273,0.71276,0.71255,0.71268,607.0,8.0
2026-04-14 22:00:00,0.71267,0.71286,0.71257,0.71274,583.0,8.0
2026-04-14 22:15:00,0.71273,0.71287,0.71267,0.71285,379.0,8.0
2026-04-14 22:30:00,0.71284,0.7129,0.71253,0.71266,477.0,8.0
2026-04-14 22:45:00,0.71265,0.71283,0.71258,0.71262,594.0,8.0
2026-04-14 23:00:00,0.71262,0.71274,0.71255,0.71269,494.0,12.0
2026-04-14 23:15:00,0.7127,0.71275,0.71264,0.71274,354.0,12.0
2026-04-14 23:30:00,0.71273,0.71274,0.71263,0.71267,183.0,12.0
2026-04-14 23:45:00,0.71266,0.71269,0.71236,0.7124,247.0,12.0
2026-04-15 00:00:00,0.71119,0.71224,0.71102,0.71194,91.0,55.666666666666664
2026-04-15 00:15:00,0.71198,0.712,0.71152,0.71158,416.0,66.33333333333333
2026-04-15 00:30:00,0.71158,0.71204,0.71157,0.71204,82.0,48.333333333333336
2026-04-15 00:45:00,0.71206,0.71249,0.71204,0.71244,95.0,33.0
2026-04-15 01:00:00,0.71255,0.71276,0.71221,0.71275,517.0,12.0
2026-04-15 01:15:00,0.71274,0.71283,0.71258,0.71268,284.0,12.0
2026-04-15 01:30:00,0.71267,0.71278,0.7126,0.71273,223.0,12.0
2026-04-15 01:45:00,0.71272,0.71285,0.71269,0.71281,234.0,12.0
2026-04-15 02:00:00,0.71281,0.71296,0.71279,0.71295,240.0,12.0
2026-04-15 02:15:00,0.71294,0.71303,0.71291,0.713,143.0,12.0
2026-04-15 02:30:00,0.71299,0.71328,0.71292,0.71315,581.0,12.0
2026-04-15 02:45:00,0.71318,0.71324,0.71274,0.71288,480.0,3.0
2026-04-15 03:00:00,0.71287,0.71297,0.71245,0.71254,745.0,3.3333333333333335
2026-04-15 03:15:00,0.71253,0.71291,0.71251,0.71283,574.0,2.3333333333333335
2026-04-15 03:30:00,0.71285,0.71285,0.71226,0.71242,607.0,2.6666666666666665
2026-04-15 03:45:00,0.71241,0.71255,0.71231,0.71255,738.0,2.3333333333333335
2026-04-15 04:00:00,0.71254,0.71291,0.71222,0.7128,703.0,3.3333333333333335
2026-04-15 04:15:00,0.7128,0.71283,0.71243,0.71249,758.0,2.0
2026-04-15 04:30:00,0.71249,0.71254,0.71233,0.71243,942.0,2.0
2026-04-15 04:45:00,0.71244,0.71284,0.71242,0.71273,773.0,2.3333333333333335
2026-04-15 05:00:00,0.71272,0.71296,0.71263,0.71269,706.0,2.0
2026-04-15 05:15:00,0.7127,0.71277,0.71251,0.71253,498.0,2.0
2026-04-15 05:30:00,0.71252,0.7127,0.71228,0.71269,541.0,3.0
2026-04-15 05:45:00,0.71268,0.71309,0.7126,0.71296,633.0,2.0
2026-04-15 06:00:00,0.71295,0.71296,0.71267,0.71284,525.0,2.6666666666666665
2026-04-15 06:15:00,0.71284,0.71317,0.71278,0.71314,374.0,2.0
2026-04-15 06:30:00,0.71313,0.71314,0.7129,0.71295,338.0,2.0
2026-04-15 06:45:00,0.71295,0.71326,0.71293,0.71305,419.0,2.0
2026-04-15 07:00:00,0.71305,0.71339,0.71302,0.71325,382.0,2.6666666666666665
2026-04-15 07:15:00,0.71325,0.71333,0.71308,0.71331,269.0,2.0
2026-04-15 07:30:00,0.71332,0.71333,0.71309,0.71323,242.0,2.0
2026-04-15 07:45:00,0.71322,0.7133,0.71317,0.71329,330.0,2.0
2026-04-15 08:00:00,0.7133,0.71401,0.71328,0.71399,861.0,3.3333333333333335
2026-04-15 08:15:00,0.714,0.71439,0.71389,0.71417,662.0,3.3333333333333335
2026-04-15 08:30:00,0.71419,0.71419,0.71351,0.71388,770.0,3.0
2026-04-15 08:45:00,0.71387,0.71395,0.7136,0.71377,901.0,2.0
2026-04-15 09:00:00,0.71376,0.71428,0.71376,0.71387,862.0,3.0
2026-04-15 09:15:00,0.71388,0.71405,0.71369,0.71395,996.0,2.3333333333333335
2026-04-15 09:30:00,0.71394,0.71407,0.71373,0.71394,841.0,2.3333333333333335
2026-04-15 09:45:00,0.71395,0.71407,0.71365,0.71368,708.0,2.0
2026-04-15 10:00:00,0.71367,0.71441,0.71362,0.71414,1182.0,3.0
2026-04-15 10:15:00,0.71417,0.71433,0.71387,0.71428,962.0,2.0
2026-04-15 10:30:00,0.71429,0.71481,0.71409,0.71477,915.0,2.0
2026-04-15 10:45:00,0.71476,0.7148,0.71401,0.71428,968.0,2.3333333333333335
2026-04-15 11:00:00,0.71431,0.71453,0.71407,0.71442,926.0,2.0
2026-04-15 11:15:00,0.71442,0.71476,0.71433,0.71452,742.0,2.0
2026-04-15 11:30:00,0.71451,0.71453,0.71416,0.71424,674.0,2.0
2026-04-15 11:45:00,0.71424,0.71441,0.71403,0.71439,549.0,2.0
2026-04-15 12:00:00,0.71438,0.71456,0.71325,0.71383,1756.0,2.6666666666666665
2026-04-15 12:15:00,0.71384,0.71431,0.71374,0.71382,1033.0,2.3333333333333335
2026-04-15 12:30:00,0.71381,0.71406,0.71365,0.71394,779.0,2.6666666666666665
2026-04-15 12:45:00,0.71393,0.71435,0.71367,0.71435,723.0,2.0
2026-04-15 13:00:00,0.71436,0.71479,0.7141,0.71455,822.0,2.0
2026-04-15 13:15:00,0.71455,0.71459,0.71297,0.71322,1858.0,2.6666666666666665
2026-04-15 13:30:00,0.71324,0.71424,0.71298,0.71404,1658.0,2.0
2026-04-15 13:45:00,0.71406,0.71443,0.71371,0.71376,1188.0,2.0
2026-04-15 14:00:00,0.71376,0.71418,0.71362,0.71385,803.0,2.3333333333333335
2026-04-15 14:15:00,0.71384,0.71392,0.71357,0.71364,726.0,2.3333333333333335
2026-04-15 14:30:00,0.71364,0.71408,0.71353,0.7137,956.0,2.3333333333333335
2026-04-15 14:45:00,0.7137,0.7145,0.7134,0.71405,1484.0,2.3333333333333335
2026-04-15 15:00:00,0.71401,0.71414,0.71339,0.7136,1698.0,2.0
2026-04-15 15:15:00,0.71361,0.71386,0.71353,0.71377,1410.0,2.0
2026-04-15 15:30:00,0.71377,0.71406,0.71365,0.7138,1019.0,2.3333333333333335
2026-04-15 15:45:00,0.71379,0.71415,0.71353,0.71389,797.0,2.3333333333333335
2026-04-15 16:00:00,0.71388,0.71428,0.71388,0.71415,1098.0,2.3333333333333335
2026-04-15 16:15:00,0.71416,0.71488,0.71414,0.71483,1140.0,2.0
2026-04-15 16:30:00,0.71484,0.71491,0.71393,0.71398,2014.0,4.0
2026-04-15 16:45:00,0.71397,0.7146,0.71396,0.71454,1752.0,3.0
2026-04-15 17:00:00,0.71454,0.71515,0.71444,0.71507,1449.0,2.0
2026-04-15 17:15:00,0.71506,0.71623,0.71497,0.71622,1488.0,2.6666666666666665
2026-04-15 17:30:00,0.71623,0.71627,0.71528,0.71578,1551.0,3.0
2026-04-15 17:45:00,0.71578,0.7159,0.71533,0.7156,1317.0,2.0
2026-04-15 18:00:00,0.71559,0.71623,0.71541,0.7161,1725.0,2.0
2026-04-15 18:15:00,0.71609,0.71669,0.71593,0.71647,1447.0,2.3333333333333335
2026-04-15 18:30:00,0.71648,0.71648,0.71593,0.71621,1811.0,2.0
2026-04-15 18:45:00,0.71621,0.71637,0.71599,0.716,1346.0,2.0
2026-04-15 19:00:00,0.71599,0.71647,0.71592,0.71645,1018.0,2.0
2026-04-15 19:15:00,0.71645,0.71684,0.71643,0.71665,983.0,2.0
2026-04-15 19:30:00,0.71666,0.71676,0.71618,0.71648,1275.0,2.3333333333333335
2026-04-15 19:45:00,0.71649,0.71669,0.71623,0.71662,1114.0,3.0
2026-04-15 20:00:00,0.71661,0.71679,0.71653,0.71662,884.0,2.0
2026-04-15 20:15:00,0.71663,0.71675,0.71649,0.71653,713.0,2.3333333333333335
2026-04-15 20:30:00,0.71652,0.71661,0.71608,0.71634,751.0,2.3333333333333335
2026-04-15 20:45:00,0.71633,0.7166,0.71617,0.71651,726.0,2.0
2026-04-15 21:00:00,0.71651,0.71713,0.71637,0.71704,1623.0,8.0
2026-04-15 21:15:00,0.71706,0.71733,0.71704,0.7172,888.0,8.0
2026-04-15 21:30:00,0.71719,0.71725,0.71708,0.71716,802.0,8.0
2026-04-15 21:45:00,0.71715,0.71752,0.71714,0.71746,487.0,8.0
2026-04-15 22:00:00,0.71747,0.71775,0.71731,0.71734,568.0,8.0
2026-04-15 22:15:00,0.71736,0.71743,0.71716,0.7174,528.0,8.0
2026-04-15 22:30:00,0.71739,0.71756,0.71728,0.71738,548.0,8.0
2026-04-15 22:45:00,0.71737,0.71759,0.71736,0.71739,520.0,8.0
2026-04-15 23:00:00,0.71738,0.71739,0.717,0.71712,350.0,12.0
2026-04-15 23:15:00,0.71711,0.71711,0.71693,0.71698,259.0,12.0
2026-04-15 23:30:00,0.71697,0.71707,0.7169,0.71703,222.0,12.0
2026-04-15 23:45:00,0.71704,0.71714,0.71694,0.71696,339.0,12.0
2026-04-16 00:00:00,0.71616,0.7168,0.71611,0.71676,187.0,35.666666666666664
2026-04-16 00:15:00,0.71681,0.71689,0.71669,0.7167,35.0,33.666666666666664
2026-04-16 00:30:00,0.71669,0.71723,0.71669,0.71689,78.0,37.666666666666664
2026-04-16 00:45:00,0.71689,0.71691,0.71674,0.71687,44.0,36.0
2026-04-16 01:00:00,0.71681,0.71735,0.71681,0.71718,287.0,12.0
2026-04-16 01:15:00,0.71717,0.71726,0.71712,0.71722,184.0,12.0
2026-04-16 01:30:00,0.71723,0.71728,0.71712,0.71718,193.0,12.0
2026-04-16 01:45:00,0.71719,0.71731,0.71714,0.71728,196.0,12.0
2026-04-16 02:00:00,0.71727,0.71734,0.71717,0.71717,338.0,12.0
2026-04-16 02:15:00,0.71718,0.71724,0.71702,0.7171,190.0,12.0
2026-04-16 02:30:00,0.71709,0.71741,0.71707,0.71741,226.0,12.0
2026-04-16 02:45:00,0.71741,0.71759,0.7174,0.71754,284.0,3.0
2026-04-16 03:00:00,0.71752,0.71764,0.71699,0.71734,731.0,3.3333333333333335
2026-04-16 03:15:00,0.71735,0.71764,0.71728,0.71744,614.0,3.0
2026-04-16 03:30:00,0.71745,0.71751,0.71704,0.7171,514.0,2.3333333333333335
2026-04-16 03:45:00,0.7171,0.71777,0.71705,0.71762,639.0,3.3333333333333335
2026-04-16 04:00:00,0.71761,0.71767,0.71735,0.7174,857.0,3.3333333333333335
2026-04-16 04:15:00,0.71739,0.71744,0.71695,0.71724,843.0,2.0
2026-04-16 04:30:00,0.71725,0.71746,0.71628,0.71723,1290.0,4.0
2026-04-16 04:45:00,0.71719,0.71786,0.71718,0.71768,971.0,2.0
2026-04-16 05:00:00,0.71769,0.71814,0.71755,0.71782,1073.0,2.0
2026-04-16 05:15:00,0.71781,0.71827,0.71775,0.71823,620.0,2.0
2026-04-16 05:30:00,0.71824,0.7193,0.71823,0.71916,994.0,2.6666666666666665
2026-04-16 05:45:00,0.71917,0.71929,0.71855,0.71897,848.0,2.0
2026-04-16 06:00:00,0.71895,0.71973,0.71885,0.71925,1136.0,2.3333333333333335
2026-04-16 06:15:00,0.71924,0.71931,0.71897,0.71903,744.0,2.0
2026-04-16 06:30:00,0.71902,0.71921,0.71888,0.71916,715.0,2.3333333333333335
2026-04-16 06:45:00,0.71917,0.71949,0.71907,0.7192,515.0,2.0
2026-04-16 07:00:00,0.71921,0.71928,0.71906,0.71916,543.0,2.0
2026-04-16 07:15:00,0.71917,0.71956,0.71917,0.71926,488.0,2.3333333333333335
2026-04-16 07:30:00,0.71924,0.71932,0.71905,0.71909,462.0,2.0
2026-04-16 07:45:00,0.71908,0.71915,0.71879,0.71887,558.0,2.0
2026-04-16 08:00:00,0.71888,0.71903,0.71863,0.71864,640.0,2.0
2026-04-16 08:15:00,0.71865,0.71878,0.71832,0.71864,749.0,2.0
2026-04-16 08:30:00,0.71865,0.71911,0.71846,0.71871,794.0,2.0
2026-04-16 08:45:00,0.71872,0.71904,0.71867,0.71878,683.0,2.3333333333333335
2026-04-16 09:00:00,0.71882,0.71907,0.71829,0.71837,2575.0,2.3333333333333335
2026-04-16 09:15:00,0.71838,0.71843,0.71806,0.71812,1004.0,2.0
2026-04-16 09:30:00,0.71813,0.71854,0.71776,0.71853,1001.0,2.0
2026-04-16 09:45:00,0.71854,0.71891,0.71842,0.71883,1056.0,2.0
2026-04-16 10:00:00,0.71885,0.71911,0.71854,0.7186,1460.0,2.3333333333333335
2026-04-16 10:15:00,0.71862,0.71889,0.71837,0.71878,1186.0,2.0
2026-04-16 10:30:00,0.71877,0.71879,0.71837,0.71855,989.0,2.0
2026-04-16 10:45:00,0.71854,0.71862,0.71826,0.71831,1354.0,2.0
2026-04-16 11:00:00,0.71833,0.71844,0.71755,0.71757,1355.0,2.0
2026-04-16 11:15:00,0.71758,0.71772,0.71688,0.71733,1380.0,2.3333333333333335
2026-04-16 11:30:00,0.71734,0.71743,0.71708,0.71729,898.0,2.0
2026-04-16 11:45:00,0.71732,0.7176,0.7173,0.71743,715.0,2.0
2026-04-16 12:00:00,0.71744,0.71757,0.71701,0.71707,662.0,2.0
2026-04-16 12:15:00,0.71708,0.71732,0.71662,0.71676,727.0,2.0
2026-04-16 12:30:00,0.71677,0.7172,0.71662,0.71697,749.0,2.0
2026-04-16 12:45:00,0.71696,0.71703,0.71678,0.71691,780.0,2.0
2026-04-16 13:00:00,0.7169,0.71701,0.71661,0.71697,713.0,2.3333333333333335
2026-04-16 13:15:00,0.71695,0.71704,0.71645,0.71646,635.0,2.0
2026-04-16 13:30:00,0.71647,0.71687,0.71642,0.71677,586.0,2.0
2026-04-16 13:45:00,0.71676,0.71678,0.71641,0.71671,829.0,2.3333333333333335
2026-04-16 14:00:00,0.71669,0.71734,0.71669,0.71718,983.0,2.6666666666666665
2026-04-16 14:15:00,0.71717,0.71741,0.71706,0.71717,558.0,2.0
2026-04-16 14:30:00,0.71717,0.71749,0.71702,0.71727,782.0,2.0
2026-04-16 14:45:00,0.71727,0.71744,0.71711,0.71736,821.0,3.0
2026-04-16 15:00:00,0.71737,0.71744,0.71679,0.71694,1104.0,3.0
2026-04-16 15:15:00,0.71693,0.71713,0.71662,0.71708,929.0,2.3333333333333335
2026-04-16 15:30:00,0.71707,0.7174,0.71687,0.7174,1687.0,2.6666666666666665
2026-04-16 15:45:00,0.71739,0.71751,0.71719,0.71721,1154.0,2.0
2026-04-16 16:00:00,0.71722,0.71749,0.71716,0.71734,951.0,2.3333333333333335
2026-04-16 16:15:00,0.71735,0.7175,0.71728,0.71733,1091.0,2.0
2026-04-16 16:30:00,0.71734,0.71763,0.71705,0.71755,1945.0,4.0
2026-04-16 16:45:00,0.71756,0.71775,0.71663,0.71721,2373.0,3.6666666666666665
2026-04-16 17:00:00,0.71722,0.71782,0.71699,0.71764,2344.0,2.6666666666666665
2026-04-16 17:15:00,0.71765,0.71767,0.71652,0.71694,2095.0,2.3333333333333335
2026-04-16 17:30:00,0.71696,0.71731,0.71664,0.71706,1929.0,2.0
2026-04-16 17:45:00,0.71706,0.71727,0.71609,0.71626,1927.0,2.0
2026-04-16 18:00:00,0.71627,0.71712,0.7161,0.71695,1538.0,2.0
2026-04-16 18:15:00,0.71694,0.71715,0.71647,0.71647,1321.0,2.0
2026-04-16 18:30:00,0.71644,0.7172,0.7164,0.7169,2363.0,3.3333333333333335
2026-04-16 18:45:00,0.71689,0.71715,0.71667,0.71693,1132.0,2.0
2026-04-16 19:00:00,0.71694,0.7173,0.71663,0.71729,875.0,2.0
2026-04-16 19:15:00,0.71727,0.71749,0.71679,0.71683,857.0,2.6666666666666665
2026-04-16 19:30:00,0.71682,0.71685,0.71533,0.71609,2248.0,3.3333333333333335
2026-04-16 19:45:00,0.71608,0.71609,0.71549,0.71587,1549.0,2.0
2026-04-16 20:00:00,0.71589,0.71591,0.71522,0.71526,1513.0,2.0
2026-04-16 20:15:00,0.71527,0.71582,0.71525,0.71543,1381.0,2.3333333333333335
2026-04-16 20:30:00,0.71542,0.71569,0.71534,0.71567,1066.0,2.3333333333333335
2026-04-16 20:45:00,0.71567,0.71578,0.71541,0.71563,1161.0,2.0
2026-04-16 21:00:00,0.71562,0.71614,0.71547,0.71564,1687.0,8.0
2026-04-16 21:15:00,0.71563,0.71578,0.7155,0.71571,1138.0,8.0
2026-04-16 21:30:00,0.71572,0.71604,0.71567,0.71598,778.0,8.0
2026-04-16 21:45:00,0.71597,0.71599,0.71564,0.71577,878.0,8.0
2026-04-16 22:00:00,0.71576,0.71595,0.71574,0.71586,778.0,8.0
2026-04-16 22:15:00,0.71585,0.71615,0.71585,0.71607,669.0,8.0
2026-04-16 22:30:00,0.71608,0.71634,0.71608,0.71621,564.0,8.0
2026-04-16 22:45:00,0.71622,0.71632,0.71603,0.71611,609.0,8.0
2026-04-16 23:00:00,0.7161,0.71614,0.71592,0.71611,448.0,12.0
2026-04-16 23:15:00,0.7161,0.71613,0.71591,0.71605,288.0,12.0
2026-04-16 23:30:00,0.71603,0.71631,0.71603,0.71627,188.0,12.0
2026-04-16 23:45:00,0.71628,0.71631,0.71607,0.71617,247.0,12.0
2026-04-17 00:00:00,0.71626,0.71642,0.71557,0.71631,95.0,42.666666666666664
2026-04-17 00:15:00,0.71634,0.71639,0.71531,0.71548,611.0,49.0
2026-04-17 00:30:00,0.71548,0.71559,0.71542,0.71553,72.0,55.666666666666664
2026-04-17 00:45:00,0.71552,0.71599,0.71552,0.71569,143.0,35.333333333333336
2026-04-17 01:00:00,0.71562,0.71628,0.71562,0.7162,206.0,12.0
2026-04-17 01:15:00,0.71619,0.71624,0.7161,0.71622,192.0,12.0
2026-04-17 01:30:00,0.71621,0.71628,0.71614,0.7162,265.0,12.0
2026-04-17 01:45:00,0.71619,0.7163,0.71614,0.71625,173.0,12.0
2026-04-17 02:00:00,0.71624,0.71631,0.71611,0.71621,214.0,12.0
2026-04-17 02:15:00,0.71622,0.71647,0.71622,0.71642,188.0,12.0
2026-04-17 02:30:00,0.71641,0.71642,0.71626,0.71626,218.0,12.0
2026-04-17 02:45:00,0.71628,0.71628,0.71582,0.71586,362.0,2.3333333333333335
2026-04-17 03:00:00,0.71585,0.71586,0.71539,0.71564,838.0,3.3333333333333335
2026-04-17 03:15:00,0.71563,0.71619,0.71551,0.71598,763.0,2.0
2026-04-17 03:30:00,0.71595,0.71637,0.71589,0.71636,767.0,2.0
2026-04-17 03:45:00,0.71635,0.71651,0.71598,0.7161,934.0,2.3333333333333335
2026-04-17 04:00:00,0.7161,0.71626,0.71586,0.71612,925.0,2.0
2026-04-17 04:15:00,0.71612,0.71639,0.71609,0.71613,806.0,2.0
2026-04-17 04:30:00,0.71615,0.71644,0.71595,0.71642,722.0,2.0
2026-04-17 04:45:00,0.71643,0.71651,0.71616,0.71619,609.0,2.0
2026-04-17 05:00:00,0.7162,0.71636,0.71604,0.71614,566.0,2.0
2026-04-17 05:15:00,0.71617,0.71625,0.71608,0.71609,442.0,2.0
2026-04-17 05:30:00,0.7161,0.71637,0.71607,0.71618,454.0,2.3333333333333335
2026-04-17 05:45:00,0.71619,0.71627,0.71615,0.7162,332.0,2.3333333333333335
2026-04-17 06:00:00,0.71619,0.71655,0.71619,0.71625,415.0,2.6666666666666665
2026-04-17 06:15:00,0.71626,0.7163,0.71594,0.71601,358.0,2.0
2026-04-17 06:30:00,0.716,0.71634,0.71598,0.71633,417.0,2.6666666666666665
2026-04-17 06:45:00,0.71632,0.71665,0.71632,0.71648,320.0,2.0
2026-04-17 07:00:00,0.71648,0.71665,0.71647,0.71664,344.0,2.0
2026-04-17 07:15:00,0.71665,0.71695,0.71659,0.71692,331.0,2.0
2026-04-17 07:30:00,0.71693,0.71694,0.71672,0.71681,374.0,2.0
2026-04-17 07:45:00,0.7168,0.71693,0.71674,0.71686,368.0,2.0
2026-04-17 08:00:00,0.71685,0.71701,0.71658,0.71699,649.0,3.6666666666666665
2026-04-17 08:15:00,0.71696,0.7171,0.71687,0.71697,480.0,2.6666666666666665
2026-04-17 08:30:00,0.71695,0.71702,0.71659,0.71676,554.0,2.3333333333333335
2026-04-17 08:45:00,0.71676,0.71702,0.71676,0.71687,498.0,2.0
2026-04-17 09:00:00,0.71686,0.71701,0.7163,0.71647,1021.0,2.6666666666666665
2026-04-17 09:15:00,0.71645,0.71675,0.71638,0.71644,967.0,2.0
2026-04-17 09:30:00,0.71645,0.7166,0.71613,0.71634,814.0,2.0
2026-04-17 09:45:00,0.71635,0.71675,0.71613,0.71615,731.0,2.0
2026-04-17 10:00:00,0.71616,0.71665,0.71616,0.71641,892.0,2.0
2026-04-17 10:15:00,0.71639,0.71661,0.71608,0.7166,901.0,2.0
2026-04-17 10:30:00,0.71664,0.71666,0.71632,0.71665,762.0,2.0
2026-04-17 10:45:00,0.71664,0.71724,0.71663,0.71719,823.0,2.0
2026-04-17 11:00:00,0.71722,0.71735,0.717,0.71712,719.0,2.0
2026-04-17 11:15:00,0.71712,0.71726,0.71692,0.71723,600.0,2.3333333333333335
2026-04-17 11:30:00,0.71722,0.71792,0.71722,0.7179,718.0,2.0
2026-04-17 11:45:00,0.71791,0.7181,0.71769,0.71795,811.0,2.0
2026-04-17 12:00:00,0.71794,0.71824,0.71762,0.71765,887.0,2.0
2026-04-17 12:15:00,0.71766,0.7179,0.71757,0.71769,739.0,2.0
2026-04-17 12:30:00,0.7177,0.71771,0.71724,0.7173,861.0,2.0
2026-04-17 12:45:00,0.71729,0.71741,0.71706,0.71725,857.0,2.0
2026-04-17 13:00:00,0.71724,0.71746,0.71702,0.71743,639.0,2.0
2026-04-17 13:15:00,0.71744,0.71745,0.71724,0.71737,579.0,2.3333333333333335
2026-04-17 13:30:00,0.71739,0.71747,0.71709,0.71716,582.0,2.3333333333333335
2026-04-17 13:45:00,0.71717,0.7174,0.71702,0.71708,637.0,2.3333333333333335
2026-04-17 14:00:00,0.71707,0.71721,0.7167,0.71694,564.0,2.3333333333333335
2026-04-17 14:15:00,0.71692,0.71721,0.71684,0.717,461.0,2.0
2026-04-17 14:30:00,0.71699,0.71747,0.71699,0.71744,639.0,2.3333333333333335
2026-04-17 14:45:00,0.71743,0.71761,0.71715,0.71727,663.0,2.0
2026-04-17 15:00:00,0.71727,0.71775,0.71716,0.71768,907.0,3.3333333333333335
2026-04-17 15:15:00,0.71767,0.71837,0.71743,0.71816,1613.0,2.6666666666666665
2026-04-17 15:30:00,0.71818,0.71887,0.71803,0.71828,1392.0,3.0
2026-04-17 15:45:00,0.71829,0.72116,0.71822,0.72112,5430.0,3.0
2026-04-17 16:00:00,0.72113,0.72219,0.72065,0.7218,4277.0,3.0
2026-04-17 16:15:00,0.72181,0.72181,0.72041,0.7209,4181.0,3.0
2026-04-17 16:30:00,0.72091,0.72176,0.72055,0.72135,4556.0,2.3333333333333335
2026-04-17 16:45:00,0.72136,0.7217,0.72042,0.72107,4466.0,2.6666666666666665
2026-04-17 17:00:00,0.72109,0.7211,0.72025,0.72037,3273.0,2.0
2026-04-17 17:15:00,0.72037,0.72139,0.72031,0.72088,2956.0,2.0
2026-04-17 17:30:00,0.72088,0.72123,0.72043,0.7209,2242.0,2.6666666666666665
2026-04-17 17:45:00,0.72091,0.72091,0.72003,0.72017,2219.0,2.0
2026-04-17 18:00:00,0.72016,0.72022,0.71919,0.71937,3217.0,2.6666666666666665
2026-04-17 18:15:00,0.71936,0.71945,0.71855,0.71898,2769.0,2.0
2026-04-17 18:30:00,0.71898,0.71979,0.71883,0.71892,2320.0,2.0
2026-04-17 18:45:00,0.71892,0.71944,0.71891,0.71905,1981.0,2.0
2026-04-17 19:00:00,0.71904,0.71905,0.71847,0.71892,1731.0,2.0
2026-04-17 19:15:00,0.71892,0.71928,0.71888,0.71901,1182.0,2.3333333333333335
2026-04-17 19:30:00,0.71902,0.71917,0.71883,0.71915,704.0,2.0
2026-04-17 19:45:00,0.71915,0.71931,0.71874,0.71882,854.0,2.3333333333333335
2026-04-17 20:00:00,0.71881,0.71882,0.71769,0.71804,1809.0,4.333333333333333
2026-04-17 20:15:00,0.71803,0.71839,0.71763,0.71805,2075.0,3.0
2026-04-17 20:30:00,0.71804,0.71831,0.71792,0.71803,1649.0,2.0
2026-04-17 20:45:00,0.71803,0.71872,0.71799,0.71858,993.0,2.0
2026-04-17 21:00:00,0.71859,0.71864,0.71785,0.71793,874.0,8.0
2026-04-17 21:15:00,0.71792,0.71844,0.7178,0.71803,1293.0,8.0
2026-04-17 21:30:00,0.71804,0.71845,0.71778,0.71787,1086.0,8.0
2026-04-17 21:45:00,0.71786,0.71793,0.71699,0.71732,1257.0,8.0
2026-04-17 22:00:00,0.71733,0.7177,0.71719,0.71761,791.0,8.0
2026-04-17 22:15:00,0.71762,0.71776,0.71723,0.71726,596.0,8.0
2026-04-17 22:30:00,0.71725,0.71741,0.71706,0.71709,780.0,8.0
2026-04-17 22:45:00,0.7171,0.71715,0.71692,0.71705,803.0,8.0
2026-04-17 23:00:00,0.71703,0.71719,0.71691,0.71718,451.0,12.0
2026-04-17 23:15:00,0.71719,0.71726,0.71682,0.71686,375.0,12.0
2026-04-17 23:30:00,0.71688,0.71702,0.71658,0.7168,461.0,12.0
2026-04-17 23:45:00,0.71677,0.71677,0.71639,0.71643,579.0,15.0
2026-04-20 00:00:00,0.71206,0.71283,0.71206,0.71282,81.0,50.0
2026-04-20 00:15:00,0.71283,0.71295,0.71196,0.71207,226.0,44.0
2026-04-20 00:30:00,0.71209,0.71241,0.71191,0.71203,128.0,59.666666666666664
2026-04-20 00:45:00,0.71204,0.71294,0.71139,0.71146,367.0,45.333333333333336
2026-04-20 01:00:00,0.7115,0.71359,0.7115,0.71324,1446.0,12.0
2026-04-20 01:15:00,0.71321,0.71362,0.71301,0.71332,1387.0,12.0
2026-04-20 01:30:00,0.71333,0.71424,0.71333,0.71407,1068.0,12.0
2026-04-20 01:45:00,0.71406,0.71419,0.7139,0.71412,591.0,12.0
2026-04-20 02:00:00,0.71415,0.7144,0.71404,0.71433,536.0,12.0
2026-04-20 02:15:00,0.71431,0.71444,0.71406,0.71411,571.0,12.0
2026-04-20 02:30:00,0.71413,0.71426,0.71349,0.71368,683.0,12.0
2026-04-20 02:45:00,0.7137,0.71372,0.71307,0.71347,1150.0,3.6666666666666665
2026-04-20 03:00:00,0.71348,0.71397,0.71319,0.71376,2006.0,3.0
2026-04-20 03:15:00,0.71377,0.71467,0.71376,0.71463,1532.0,2.3333333333333335
2026-04-20 03:30:00,0.71462,0.71488,0.71447,0.7148,1215.0,2.0
2026-04-20 03:45:00,0.71477,0.71503,0.71454,0.71496,1120.0,2.6666666666666665
2026-04-20 04:00:00,0.71497,0.7153,0.71485,0.71516,1375.0,3.0
2026-04-20 04:15:00,0.71515,0.71519,0.71465,0.71466,1159.0,2.0
2026-04-20 04:30:00,0.71467,0.71549,0.7146,0.71526,1249.0,2.6666666666666665
2026-04-20 04:45:00,0.71525,0.7154,0.71482,0.71488,844.0,2.0
2026-04-20 05:00:00,0.71487,0.71533,0.71465,0.71522,914.0,2.0
2026-04-20 05:15:00,0.71523,0.71556,0.71515,0.71548,725.0,2.0
2026-04-20 05:30:00,0.71549,0.71576,0.71538,0.71548,546.0,2.6666666666666665
2026-04-20 05:45:00,0.71549,0.71557,0.71535,0.71543,465.0,3.0
2026-04-20 06:00:00,0.71542,0.71567,0.71527,0.71547,660.0,2.3333333333333335
2026-04-20 06:15:00,0.71548,0.71565,0.71527,0.71547,539.0,2.0
2026-04-20 06:30:00,0.71546,0.71585,0.71531,0.7157,645.0,2.0
2026-04-20 06:45:00,0.71569,0.71569,0.71534,0.7154,559.0,2.0
2026-04-20 07:00:00,0.71541,0.7156,0.71531,0.71539,454.0,2.3333333333333335
2026-04-20 07:15:00,0.71538,0.71545,0.71523,0.71543,557.0,2.0
2026-04-20 07:30:00,0.71541,0.71545,0.71515,0.71544,525.0,2.0
2026-04-20 07:45:00,0.71544,0.71572,0.71542,0.71558,616.0,2.0
2026-04-20 08:00:00,0.71556,0.71564,0.71544,0.71552,708.0,2.0
2026-04-20 08:15:00,0.71551,0.71561,0.71502,0.71505,731.0,2.6666666666666665
2026-04-20 08:30:00,0.71504,0.7151,0.71425,0.71438,1090.0,2.6666666666666665
2026-04-20 08:45:00,0.71437,0.71507,0.71437,0.71476,1111.0,2.3333333333333335
2026-04-20 09:00:00,0.71476,0.71496,0.71439,0.71459,1357.0,3.0
2026-04-20 09:15:00,0.7146,0.71463,0.71422,0.71433,1033.0,2.0
2026-04-20 09:30:00,0.71437,0.71528,0.71437,0.71523,1316.0,2.0
2026-04-20 09:45:00,0.71522,0.71561,0.71478,0.71561,1636.0,2.0
2026-04-20 10:00:00,0.7156,0.71614,0.71534,0.71612,1712.0,2.3333333333333335
2026-04-20 10:15:00,0.71612,0.71654,0.71577,0.71581,1419.0,2.0
2026-04-20 10:30:00,0.71582,0.71585,0.71496,0.71543,2101.0,2.6666666666666665
2026-04-20 10:45:00,0.71543,0.71543,0.71427,0.71479,1391.0,2.0
2026-04-20 11:00:00,0.71478,0.71526,0.71471,0.7151,1905.0,2.0
2026-04-20 11:15:00,0.71511,0.71517,0.71463,0.71486,1958.0,2.0
2026-04-20 11:30:00,0.71487,0.7151,0.71469,0.7149,1298.0,2.0
2026-04-20 11:45:00,0.71489,0.71522,0.7148,0.71495,1168.0,2.6666666666666665
2026-04-20 12:00:00,0.71494,0.71546,0.71494,0.71545,1377.0,2.0
2026-04-20 12:15:00,0.71544,0.71563,0.71504,0.71509,1145.0,2.0
2026-04-20 12:30:00,0.71509,0.7156,0.71509,0.71546,1070.0,2.0
2026-04-20 12:45:00,0.71546,0.71578,0.7153,0.71578,874.0,2.0
2026-04-20 13:00:00,0.71579,0.71612,0.71558,0.71593,1105.0,2.3333333333333335
2026-04-20 13:15:00,0.71594,0.71603,0.71558,0.71569,1002.0,2.0
2026-04-20 13:30:00,0.71569,0.71578,0.71554,0.71559,641.0,2.0
2026-04-20 13:45:00,0.7156,0.71577,0.71531,0.71566,853.0,2.3333333333333335
2026-04-20 14:00:00,0.71567,0.71571,0.71526,0.71548,1160.0,2.0
2026-04-20 14:15:00,0.71549,0.71587,0.71545,0.71579,960.0,2.0
2026-04-20 14:30:00,0.71579,0.71618,0.71575,0.71611,1418.0,2.0
2026-04-20 14:45:00,0.71613,0.71643,0.71604,0.71614,1347.0,2.0
2026-04-20 15:00:00,0.71614,0.7163,0.71549,0.71551,1491.0,2.0
2026-04-20 15:15:00,0.71553,0.71587,0.71537,0.71558,978.0,2.0
2026-04-20 15:30:00,0.71557,0.71583,0.71544,0.71578,1169.0,2.0
2026-04-20 15:45:00,0.71579,0.71606,0.71567,0.71584,1140.0,2.0
2026-04-20 16:00:00,0.71583,0.71632,0.7155,0.71597,2017.0,2.0
2026-04-20 16:15:00,0.71598,0.71693,0.71591,0.71679,1626.0,2.0
2026-04-20 16:30:00,0.71679,0.71694,0.71632,0.71687,2742.0,2.0
2026-04-20 16:45:00,0.71686,0.71705,0.71656,0.7169,2006.0,2.0
2026-04-20 17:00:00,0.7169,0.7169,0.71608,0.7164,1851.0,2.0
2026-04-20 17:15:00,0.71641,0.71694,0.71632,0.71686,2170.0,2.0
2026-04-20 17:30:00,0.71687,0.71698,0.71625,0.71674,2187.0,2.0
2026-04-20 17:45:00,0.71673,0.717,0.71542,0.7163,3147.0,2.0
2026-04-20 18:00:00,0.71631,0.71647,0.71583,0.71642,2181.0,2.0
2026-04-20 18:15:00,0.71643,0.71775,0.71631,0.7176,2426.0,2.0
2026-04-20 18:30:00,0.71759,0.71763,0.71711,0.7174,1789.0,2.0
2026-04-20 18:45:00,0.71739,0.71749,0.71708,0.71738,1154.0,2.0
2026-04-20 19:00:00,0.7174,0.71751,0.7172,0.71741,936.0,3.0
2026-04-20 19:15:00,0.7174,0.71767,0.7173,0.71738,858.0,2.6666666666666665
2026-04-20 19:30:00,0.71738,0.71757,0.71694,0.71714,1039.0,3.0
2026-04-20 19:45:00,0.71715,0.71747,0.71705,0.71727,951.0,2.3333333333333335
2026-04-20 20:00:00,0.71728,0.71765,0.71718,0.71739,971.0,2.0
2026-04-20 20:15:00,0.71739,0.7174,0.71709,0.71713,600.0,2.0
2026-04-20 20:30:00,0.71712,0.71749,0.71702,0.71726,886.0,3.0
2026-04-20 20:45:00,0.71727,0.71748,0.71725,0.71743,628.0,2.0
2026-04-20 21:00:00,0.71743,0.71782,0.71732,0.71779,1004.0,8.333333333333334
2026-04-20 21:15:00,0.71778,0.71793,0.71753,0.71762,833.0,8.0
2026-04-20 21:30:00,0.71761,0.71768,0.71738,0.71748,849.0,8.0
2026-04-20 21:45:00,0.71747,0.7176,0.71742,0.71752,909.0,8.0
2026-04-20 22:00:00,0.71748,0.71792,0.71747,0.7179,585.0,8.0
2026-04-20 22:15:00,0.71791,0.71796,0.7177,0.71774,288.0,8.0
2026-04-20 22:30:00,0.71773,0.71788,0.71763,0.71783,437.0,8.0
2026-04-20 22:45:00,0.71784,0.71798,0.7178,0.71793,463.0,8.0
2026-04-20 23:00:00,0.71792,0.71799,0.71783,0.71795,393.0,12.0
2026-04-20 23:15:00,0.71794,0.71795,0.71776,0.71776,136.0,12.0
2026-04-20 23:30:00,0.71777,0.71787,0.71767,0.71782,343.0,12.0
2026-04-20 23:45:00,0.71781,0.71795,0.71773,0.71778,235.0,12.0
2026-04-21 00:00:00,0.7172,0.71754,0.71707,0.71753,43.0,35.333333333333336
2026-04-21 00:15:00,0.71754,0.71754,0.71742,0.71744,32.0,42.333333333333336
2026-04-21 00:30:00,0.71744,0.71756,0.71741,0.71752,44.0,38.666666666666664
2026-04-21 00:45:00,0.71752,0.71762,0.71729,0.71741,50.0,33.0
2026-04-21 01:00:00,0.71735,0.71795,0.71735,0.71785,284.0,12.0
2026-04-21 01:15:00,0.71784,0.71785,0.71776,0.71778,129.0,12.0
2026-04-21 01:30:00,0.71779,0.71783,0.71745,0.71745,221.0,12.0
2026-04-21 01:45:00,0.71744,0.71823,0.71744,0.71822,773.0,12.0
2026-04-21 02:00:00,0.71823,0.71826,0.71788,0.71795,356.0,12.0
2026-04-21 02:15:00,0.71794,0.71794,0.7177,0.71773,179.0,12.0
2026-04-21 02:30:00,0.71772,0.71773,0.71734,0.71748,216.0,12.0
2026-04-21 02:45:00,0.71751,0.71764,0.71735,0.71738,468.0,2.3333333333333335
2026-04-21 03:00:00,0.71739,0.71772,0.71708,0.71737,1099.0,2.3333333333333335
2026-04-21 03:15:00,0.71737,0.71763,0.7171,0.71716,715.0,2.0
2026-04-21 03:30:00,0.71717,0.71738,0.7169,0.71727,927.0,2.0
2026-04-21 03:45:00,0.71728,0.71775,0.71715,0.71739,1320.0,2.3333333333333335
2026-04-21 04:00:00,0.71743,0.71762,0.71724,0.71748,800.0,2.3333333333333335
2026-04-21 04:15:00,0.71751,0.71803,0.71743,0.718,853.0,2.6666666666666665
2026-04-21 04:30:00,0.71801,0.71822,0.71754,0.71767,990.0,2.3333333333333335
2026-04-21 04:45:00,0.71768,0.71788,0.71747,0.71751,781.0,2.0
2026-04-21 05:00:00,0.7175,0.71768,0.71742,0.71762,710.0,2.0
2026-04-21 05:15:00,0.71763,0.71764,0.71716,0.71742,559.0,2.0
2026-04-21 05:30:00,0.71741,0.71741,0.71698,0.71711,648.0,2.0
2026-04-21 05:45:00,0.71712,0.71734,0.71705,0.71733,485.0,2.0
2026-04-21 06:00:00,0.71736,0.71738,0.71706,0.71706,502.0,2.0
2026-04-21 06:15:00,0.71707,0.71713,0.71667,0.71685,585.0,3.0
2026-04-21 06:30:00,0.71686,0.71687,0.7165,0.71658,434.0,2.0
2026-04-21 06:45:00,0.71659,0.71689,0.71657,0.71667,444.0,2.3333333333333335
2026-04-21 07:00:00,0.71668,0.71676,0.71658,0.71662,363.0,2.0
2026-04-21 07:15:00,0.71662,0.71669,0.71657,0.71668,303.0,2.0
2026-04-21 07:30:00,0.71667,0.7167,0.71652,0.71663,233.0,2.0
2026-04-21 07:45:00,0.71664,0.71677,0.71662,0.71664,400.0,2.3333333333333335
2026-04-21 08:00:00,0.71665,0.71707,0.71662,0.71703,691.0,3.0
2026-04-21 08:15:00,0.71704,0.71725,0.71698,0.71717,558.0,2.0
2026-04-21 08:30:00,0.71718,0.71729,0.71693,0.71702,593.0,2.0
2026-04-21 08:45:00,0.71701,0.71707,0.71662,0.71662,494.0,2.0
2026-04-21 09:00:00,0.71662,0.71672,0.71592,0.71644,1018.0,3.0
2026-04-21 09:15:00,0.71645,0.71646,0.71609,0.7164,679.0,3.0
2026-04-21 09:30:00,0.71641,0.71658,0.71624,0.71652,618.0,2.3333333333333335
2026-04-21 09:45:00,0.71651,0.71652,0.71611,0.7163,778.0,2.0
2026-04-21 10:00:00,0.71629,0.71656,0.71581,0.71599,1407.0,3.0
2026-04-21 10:15:00,0.71601,0.71627,0.71599,0.71624,975.0,2.0
2026-04-21 10:30:00,0.71625,0.71642,0.71583,0.71594,902.0,2.0
2026-04-21 10:45:00,0.71593,0.71616,0.71529,0.7153,1063.0,2.3333333333333335
2026-04-21 11:00:00,0.71529,0.7155,0.71436,0.71436,1736.0,3.0
2026-04-21 11:15:00,0.71438,0.71553,0.71436,0.71541,1334.0,2.0
2026-04-21 11:30:00,0.7154,0.71575,0.71537,0.71566,1100.0,2.3333333333333335
2026-04-21 11:45:00,0.71565,0.71571,0.71533,0.71554,727.0,2.0
2026-04-21 12:00:00,0.71553,0.71555,0.71488,0.71503,955.0,2.3333333333333335
2026-04-21 12:15:00,0.71504,0.71539,0.71498,0.71508,800.0,2.0
2026-04-21 12:30:00,0.71508,0.71531,0.71508,0.71518,580.0,2.0
2026-04-21 12:45:00,0.71519,0.71552,0.71495,0.71519,784.0,2.0
2026-04-21 13:00:00,0.7152,0.71567,0.71507,0.71557,699.0,2.0
2026-04-21 13:15:00,0.71556,0.71559,0.71527,0.71542,493.0,2.0
2026-04-21 13:30:00,0.71542,0.71572,0.71535,0.71567,603.0,2.0
2026-04-21 13:45:00,0.71568,0.71587,0.71565,0.71583,501.0,2.0
2026-04-21 14:00:00,0.71584,0.71597,0.71519,0.71571,1164.0,2.0
2026-04-21 14:15:00,0.71572,0.71633,0.71566,0.71628,817.0,2.0
2026-04-21 14:30:00,0.71628,0.71647,0.7161,0.71613,645.0,2.0
2026-04-21 14:45:00,0.71612,0.71658,0.71607,0.71651,700.0,2.0
2026-04-21 15:00:00,0.71651,0.7166,0.71625,0.71629,1007.0,2.0
2026-04-21 15:15:00,0.7163,0.71635,0.71575,0.71596,1040.0,2.0
2026-04-21 15:30:00,0.71595,0.71615,0.71517,0.71553,2109.0,2.0
2026-04-21 15:45:00,0.71553,0.71606,0.71547,0.71601,1545.0,2.0
2026-04-21 16:00:00,0.71604,0.71635,0.71597,0.71608,1509.0,2.0
2026-04-21 16:15:00,0.71609,0.7167,0.71606,0.71658,1249.0,2.0
2026-04-21 16:30:00,0.71655,0.71706,0.71637,0.71706,2163.0,2.0
2026-04-21 16:45:00,0.71708,0.71762,0.71682,0.71749,1724.0,2.0
2026-04-21 17:00:00,0.7175,0.71786,0.7173,0.71772,1436.0,2.0
2026-04-21 17:15:00,0.71773,0.71799,0.71765,0.71797,1399.0,2.0
2026-04-21 17:30:00,0.71798,0.7186,0.71758,0.71801,2300.0,2.0
2026-04-21 17:45:00,0.718,0.71802,0.71654,0.71664,2860.0,2.0
2026-04-21 18:00:00,0.71663,0.71726,0.71631,0.71686,2907.0,2.0
2026-04-21 18:15:00,0.71687,0.71722,0.71617,0.71618,2718.0,2.0
2026-04-21 18:30:00,0.71617,0.71624,0.71538,0.71596,2267.0,2.0
2026-04-21 18:45:00,0.71598,0.71635,0.71587,0.71627,1679.0,2.0
2026-04-21 19:00:00,0.7163,0.71678,0.71602,0.71613,1818.0,2.3333333333333335
2026-04-21 19:15:00,0.71612,0.71621,0.7156,0.71564,1140.0,2.6666666666666665
2026-04-21 19:30:00,0.71563,0.71592,0.71517,0.71525,1200.0,3.0
2026-04-21 19:45:00,0.71524,0.71559,0.71505,0.71505,996.0,3.0
2026-04-21 20:00:00,0.71504,0.71511,0.71334,0.7134,2719.0,4.333333333333333
2026-04-21 20:15:00,0.71342,0.71395,0.71308,0.71391,1988.0,3.3333333333333335
2026-04-21 20:30:00,0.71392,0.71636,0.7139,0.71612,3160.0,3.3333333333333335
2026-04-21 20:45:00,0.71614,0.7162,0.71496,0.71524,1898.0,2.3333333333333335
2026-04-21 21:00:00,0.71523,0.7156,0.71503,0.71515,2457.0,8.0
2026-04-21 21:15:00,0.71514,0.71524,0.71424,0.7145,2092.0,8.0
2026-04-21 21:30:00,0.71452,0.71497,0.71451,0.71457,1236.0,8.0
2026-04-21 21:45:00,0.71456,0.71566,0.71451,0.71527,2123.0,8.333333333333334
2026-04-21 22:00:00,0.71528,0.71608,0.7152,0.71556,1986.0,8.0
2026-04-21 22:15:00,0.71558,0.71617,0.71538,0.71617,2125.0,8.0
2026-04-21 22:30:00,0.71618,0.71618,0.71302,0.71334,3294.0,8.0
2026-04-21 22:45:00,0.71336,0.71432,0.71302,0.71355,3545.0,8.0
2026-04-21 23:00:00,0.71354,0.71628,0.7134,0.71563,3165.0,12.0
2026-04-21 23:15:00,0.71565,0.71624,0.71535,0.71592,1681.0,12.0
2026-04-21 23:30:00,0.7159,0.71592,0.71534,0.71536,841.0,12.0
2026-04-21 23:45:00,0.71535,0.71544,0.71519,0.71525,510.0,12.0
2026-04-22 00:00:00,0.71534,0.71564,0.71481,0.71507,83.0,46.666666666666664
2026-04-22 00:15:00,0.71505,0.71505,0.71456,0.71466,67.0,33.0
2026-04-22 00:30:00,0.71463,0.71522,0.71462,0.71492,88.0,34.333333333333336
2026-04-22 00:45:00,0.71492,0.71512,0.71469,0.7151,164.0,33.0
2026-04-22 01:00:00,0.71521,0.71545,0.7152,0.71539,274.0,12.0
2026-04-22 01:15:00,0.71538,0.7155,0.71516,0.71523,216.0,12.0
2026-04-22 01:30:00,0.71525,0.7154,0.71519,0.7152,304.0,12.0
2026-04-22 01:45:00,0.71519,0.7152,0.71506,0.71511,180.0,12.0
2026-04-22 02:00:00,0.71513,0.7152,0.71505,0.71513,210.0,12.0
2026-04-22 02:15:00,0.71514,0.71536,0.71512,0.71535,230.0,12.0
2026-04-22 02:30:00,0.71537,0.71551,0.71528,0.71535,232.0,12.0
2026-04-22 02:45:00,0.71537,0.71572,0.71537,0.71558,534.0,2.0
2026-04-22 03:00:00,0.71557,0.71637,0.71557,0.71597,1157.0,3.3333333333333335
2026-04-22 03:15:00,0.71598,0.71611,0.71573,0.71576,863.0,2.0
2026-04-22 03:30:00,0.71575,0.71622,0.71573,0.71614,676.0,2.3333333333333335
2026-04-22 03:45:00,0.71614,0.71637,0.71593,0.71609,978.0,2.0
2026-04-22 04:00:00,0.71608,0.71632,0.71572,0.71584,1077.0,2.3333333333333335
2026-04-22 04:15:00,0.71585,0.716,0.71564,0.71567,825.0,2.0
2026-04-22 04:30:00,0.71566,0.71622,0.71561,0.71579,941.0,2.3333333333333335
2026-04-22 04:45:00,0.71579,0.71604,0.7156,0.71587,763.0,2.0
2026-04-22 05:00:00,0.71588,0.71637,0.71588,0.71629,804.0,2.0
2026-04-22 05:15:00,0.71629,0.71634,0.71609,0.71629,472.0,2.0
2026-04-22 05:30:00,0.71627,0.71634,0.71579,0.71593,639.0,2.3333333333333335
2026-04-22 05:45:00,0.71593,0.71611,0.7155,0.71555,633.0,2.0
2026-04-22 06:00:00,0.71553,0.71583,0.7153,0.71566,570.0,2.3333333333333335
2026-04-22 06:15:00,0.71564,0.71589,0.71559,0.71589,476.0,2.6666666666666665
2026-04-22 06:30:00,0.7159,0.71611,0.71566,0.71579,482.0,2.0
2026-04-22 06:45:00,0.7158,0.71584,0.71544,0.71546,468.0,2.0
2026-04-22 07:00:00,0.71545,0.71574,0.71544,0.71566,456.0,2.0
2026-04-22 07:15:00,0.71567,0.71581,0.71563,0.71575,503.0,2.0
2026-04-22 07:30:00,0.71576,0.71598,0.71564,0.71587,475.0,2.0
2026-04-22 07:45:00,0.71587,0.71605,0.7155,0.71568,524.0,2.3333333333333335
2026-04-22 08:00:00,0.71567,0.71633,0.71564,0.71619,621.0,2.3333333333333335
2026-04-22 08:15:00,0.71618,0.71762,0.71612,0.7171,2231.0,2.0
2026-04-22 08:30:00,0.71711,0.71726,0.71684,0.71718,1004.0,2.0
2026-04-22 08:45:00,0.71716,0.71724,0.71691,0.71696,673.0,2.0
2026-04-22 09:00:00,0.717,0.717,0.71653,0.71673,1937.0,2.0
2026-04-22 09:15:00,0.71674,0.71705,0.71668,0.71705,1085.0,2.0
2026-04-22 09:30:00,0.71704,0.71734,0.71701,0.71711,854.0,2.3333333333333335
2026-04-22 09:45:00,0.71712,0.71728,0.7168,0.71681,745.0,2.0
2026-04-22 10:00:00,0.7168,0.71708,0.71671,0.71673,877.0,2.3333333333333335
2026-04-22 10:15:00,0.71672,0.71677,0.71603,0.71633,1152.0,2.0
2026-04-22 10:30:00,0.71633,0.71646,0.71617,0.71635,1018.0,2.3333333333333335
2026-04-22 10:45:00,0.71634,0.71699,0.7161,0.71686,1173.0,2.0
2026-04-22 11:00:00,0.71687,0.71729,0.71673,0.71719,1197.0,2.0
2026-04-22 11:15:00,0.71718,0.71724,0.71633,0.71663,1426.0,2.0
2026-04-22 11:30:00,0.71664,0.71688,0.71624,0.71649,1377.0,2.0
2026-04-22 11:45:00,0.71648,0.71669,0.71632,0.7165,1184.0,2.0
2026-04-22 12:00:00,0.71649,0.71683,0.71634,0.71666,1228.0,2.3333333333333335
2026-04-22 12:15:00,0.71665,0.71668,0.71639,0.71667,805.0,2.0
2026-04-22 12:30:00,0.71667,0.71679,0.71653,0.71664,821.0,2.0
2026-04-22 12:45:00,0.71663,0.71665,0.71592,0.71618,933.0,2.3333333333333335
2026-04-22 13:00:00,0.71617,0.71627,0.71564,0.71585,1269.0,2.3333333333333335
2026-04-22 13:15:00,0.71585,0.71616,0.71579,0.71609,824.0,2.0
2026-04-22 13:30:00,0.71609,0.71648,0.71593,0.71601,679.0,2.3333333333333335
2026-04-22 13:45:00,0.71601,0.71624,0.71587,0.7162,587.0,2.0
2026-04-22 14:00:00,0.71619,0.71622,0.71588,0.71604,733.0,2.0
2026-04-22 14:15:00,0.71604,0.71625,0.7157,0.71572,917.0,2.0
2026-04-22 14:30:00,0.71573,0.71583,0.71544,0.71554,937.0,2.0
2026-04-22 14:45:00,0.71553,0.71574,0.71498,0.71527,1231.0,2.0
2026-04-22 15:00:00,0.71528,0.71569,0.71513,0.71528,1058.0,2.0
2026-04-22 15:15:00,0.71527,0.71574,0.71495,0.71498,1115.0,2.0
2026-04-22 15:30:00,0.71497,0.71506,0.71463,0.71472,1350.0,2.0
2026-04-22 15:45:00,0.71471,0.71504,0.71468,0.71481,1013.0,2.0
2026-04-22 16:00:00,0.71481,0.71561,0.71465,0.71506,1551.0,2.0
2026-04-22 16:15:00,0.71507,0.71611,0.71504,0.71548,2147.0,2.0
2026-04-22 16:30:00,0.7155,0.71628,0.71538,0.71618,2442.0,2.0
2026-04-22 16:45:00,0.71619,0.71654,0.71613,0.71651,1794.0,2.0
2026-04-22 17:00:00,0.71653,0.71673,0.71632,0.71657,1588.0,2.0
2026-04-22 17:15:00,0.71656,0.71698,0.71637,0.71665,1503.0,2.0
2026-04-22 17:30:00,0.71665,0.71671,0.71599,0.71604,2369.0,2.0
2026-04-22 17:45:00,0.71605,0.71624,0.71579,0.716,1821.0,2.0
2026-04-22 18:00:00,0.716,0.71616,0.71561,0.716,1777.0,2.0
2026-04-22 18:15:00,0.71601,0.71637,0.71577,0.71624,1224.0,2.0
2026-04-22 18:30:00,0.71625,0.71639,0.71584,0.71586,1535.0,2.0
2026-04-22 18:45:00,0.71586,0.71639,0.71569,0.71608,1281.0,2.0
2026-04-22 19:00:00,0.71613,0.71627,0.71592,0.71603,1088.0,4.0
2026-04-22 19:15:00,0.71604,0.71606,0.71562,0.71574,861.0,4.0
2026-04-22 19:30:00,0.71573,0.71597,0.71561,0.71577,1139.0,4.0
2026-04-22 19:45:00,0.71575,0.71606,0.71557,0.7158,1040.0,2.6666666666666665
2026-04-22 20:00:00,0.71579,0.71651,0.7157,0.71618,1482.0,2.3333333333333335
2026-04-22 20:15:00,0.71617,0.71645,0.71609,0.71637,735.0,2.0
2026-04-22 20:30:00,0.71637,0.71651,0.71607,0.71618,678.0,2.6666666666666665
2026-04-22 20:45:00,0.71619,0.71625,0.71595,0.71609,911.0,2.6666666666666665
2026-04-22 21:00:00,0.7161,0.7162,0.71596,0.71605,655.0,8.0
2026-04-22 21:15:00,0.71604,0.71605,0.71566,0.71585,702.0,8.0
2026-04-22 21:30:00,0.71584,0.71617,0.71582,0.71615,550.0,8.0
2026-04-22 21:45:00,0.71614,0.71624,0.71588,0.71591,578.0,8.0
2026-04-22 22:00:00,0.71592,0.71595,0.71555,0.71588,1055.0,8.333333333333334
2026-04-22 22:15:00,0.7159,0.71613,0.71589,0.71604,675.0,8.0
2026-04-22 22:30:00,0.71605,0.71607,0.71586,0.71596,646.0,8.0
2026-04-22 22:45:00,0.71595,0.71603,0.71575,0.71588,869.0,8.0
2026-04-22 23:00:00,0.71587,0.71593,0.71568,0.71576,521.0,12.0
2026-04-22 23:15:00,0.71575,0.71588,0.71575,0.71588,332.0,12.0
2026-04-22 23:30:00,0.7159,0.71602,0.71569,0.71598,384.0,12.0
2026-04-22 23:45:00,0.71597,0.71612,0.71589,0.71599,284.0,12.0
2026-04-23 00:00:00,0.71572,0.71572,0.7154,0.71561,43.0,42.0
2026-04-23 00:15:00,0.71549,0.71565,0.71522,0.71555,82.0,37.0
2026-04-23 00:30:00,0.71555,0.71588,0.71551,0.71588,64.0,33.0
2026-04-23 00:45:00,0.71586,0.71597,0.71573,0.71581,109.0,36.0
2026-04-23 01:00:00,0.71576,0.71613,0.71576,0.71591,231.0,12.0
2026-04-23 01:15:00,0.71592,0.71598,0.71588,0.7159,132.0,12.0
2026-04-23 01:30:00,0.71587,0.71593,0.71569,0.71569,178.0,12.0
2026-04-23 01:45:00,0.7157,0.71586,0.71568,0.7158,210.0,12.0
2026-04-23 02:00:00,0.71581,0.71587,0.71566,0.71579,266.0,12.0
2026-04-23 02:15:00,0.71578,0.71589,0.71568,0.71588,120.0,12.0
2026-04-23 02:30:00,0.71587,0.71594,0.71582,0.71588,122.0,12.0
2026-04-23 02:45:00,0.7159,0.71596,0.71569,0.71576,289.0,2.6666666666666665
2026-04-23 03:00:00,0.71575,0.71595,0.71442,0.71443,1771.0,4.0
2026-04-23 03:15:00,0.71444,0.71641,0.71367,0.71615,4703.0,3.0
2026-04-23 03:30:00,0.71616,0.71659,0.71608,0.71645,2173.0,2.6666666666666665
2026-04-23 03:45:00,0.71644,0.71667,0.716,0.71623,1996.0,2.6666666666666665
2026-04-23 04:00:00,0.71623,0.7163,0.71574,0.71577,1425.0,2.0
2026-04-23 04:15:00,0.71577,0.71592,0.71534,0.71536,1406.0,2.3333333333333335
2026-04-23 04:30:00,0.71535,0.71575,0.7152,0.71542,1552.0,2.3333333333333335
2026-04-23 04:45:00,0.71541,0.71575,0.71527,0.71564,1218.0,2.6666666666666665
2026-04-23 05:00:00,0.71565,0.71573,0.71521,0.71521,1272.0,2.3333333333333335
2026-04-23 05:15:00,0.71519,0.71565,0.71506,0.7153,1770.0,2.6666666666666665
2026-04-23 05:30:00,0.71531,0.71549,0.7151,0.71518,1435.0,2.0
2026-04-23 05:45:00,0.71519,0.71536,0.7143,0.71456,1247.0,2.3333333333333335
2026-04-23 06:00:00,0.71455,0.7149,0.71424,0.71443,1602.0,2.3333333333333335
2026-04-23 06:15:00,0.71444,0.71453,0.71384,0.71415,1329.0,2.0
2026-04-23 06:30:00,0.71414,0.71433,0.71389,0.71408,1081.0,2.0
2026-04-23 06:45:00,0.71409,0.71442,0.71365,0.71404,970.0,2.0
2026-04-23 07:00:00,0.71403,0.71435,0.71384,0.71432,810.0,2.0
2026-04-23 07:15:00,0.71431,0.71469,0.71431,0.71462,788.0,2.0
2026-04-23 07:30:00,0.71461,0.71471,0.71456,0.7146,466.0,2.0
2026-04-23 07:45:00,0.71459,0.71486,0.71456,0.71481,649.0,2.0
2026-04-23 08:00:00,0.71482,0.71495,0.71469,0.71479,654.0,2.0
2026-04-23 08:15:00,0.7148,0.71491,0.71469,0.71478,612.0,2.0
2026-04-23 08:30:00,0.71479,0.71505,0.71468,0.71491,827.0,2.3333333333333335
2026-04-23 08:45:00,0.71492,0.71553,0.71492,0.71544,803.0,2.0
2026-04-23 09:00:00,0.71546,0.71563,0.71499,0.71507,841.0,2.6666666666666665
2026-04-23 09:15:00,0.71508,0.71536,0.71502,0.71515,694.0,3.0
2026-04-23 09:30:00,0.71516,0.71541,0.7151,0.71535,740.0,2.3333333333333335
2026-04-23 09:45:00,0.71534,0.71535,0.7151,0.71519,799.0,2.3333333333333335
2026-04-23 10:00:00,0.7152,0.71549,0.71475,0.71514,1186.0,3.3333333333333335
2026-04-23 10:15:00,0.7151,0.71534,0.71495,0.71518,888.0,2.3333333333333335
2026-04-23 10:30:00,0.71517,0.71518,0.71479,0.71498,1224.0,3.6666666666666665
2026-04-23 10:45:00,0.715,0.7158,0.71499,0.71575,1130.0,3.0
2026-04-23 11:00:00,0.71574,0.71583,0.71541,0.71555,1293.0,2.6666666666666665
2026-04-23 11:15:00,0.71554,0.7158,0.7154,0.71553,921.0,2.0
2026-04-23 11:30:00,0.71554,0.71566,0.71504,0.71507,1290.0,2.6666666666666665
2026-04-23 11:45:00,0.71506,0.71562,0.71502,0.71537,1365.0,2.0
2026-04-23 12:00:00,0.71538,0.71541,0.71455,0.71477,1136.0,3.0
2026-04-23 12:15:00,0.71478,0.71534,0.7146,0.71493,1451.0,3.3333333333333335
2026-04-23 12:30:00,0.71495,0.71517,0.71475,0.71506,1266.0,2.0
2026-04-23 12:45:00,0.71505,0.71512,0.71467,0.71474,988.0,2.3333333333333335
2026-04-23 13:00:00,0.71473,0.71488,0.71412,0.71426,1269.0,2.3333333333333335
2026-04-23 13:15:00,0.71425,0.71433,0.7139,0.71391,1241.0,2.0
2026-04-23 13:30:00,0.71392,0.71415,0.71329,0.71348,1026.0,3.0
2026-04-23 13:45:00,0.71349,0.71383,0.71332,0.71356,1075.0,3.3333333333333335
2026-04-23 14:00:00,0.71363,0.7138,0.71339,0.71365,1218.0,2.0
2026-04-23 14:15:00,0.71365,0.71413,0.71346,0.71406,1077.0,2.0
2026-04-23 14:30:00,0.71407,0.71453,0.71377,0.71438,1210.0,2.0
2026-04-23 14:45:00,0.71439,0.71545,0.71434,0.71504,1829.0,2.0
2026-04-23 15:00:00,0.71503,0.71545,0.71467,0.71508,2099.0,2.0
2026-04-23 15:15:00,0.71508,0.71508,0.71438,0.71454,1564.0,2.0
2026-04-23 15:30:00,0.71455,0.71505,0.71443,0.71477,1843.0,2.0
2026-04-23 15:45:00,0.71477,0.71488,0.71386,0.7146,2536.0,2.0
2026-04-23 16:00:00,0.71461,0.71478,0.71372,0.71389,1816.0,2.0
2026-04-23 16:15:00,0.7139,0.71451,0.7139,0.71433,1461.0,2.0
2026-04-23 16:30:00,0.71434,0.71494,0.71428,0.71493,2021.0,2.0
2026-04-23 16:45:00,0.71493,0.7153,0.71444,0.71467,2367.0,2.0
2026-04-23 17:00:00,0.71468,0.71522,0.71414,0.7152,2794.0,2.0
2026-04-23 17:15:00,0.71519,0.71605,0.71516,0.71588,1909.0,2.0
2026-04-23 17:30:00,0.7159,0.71602,0.71559,0.71599,1649.0,2.0
2026-04-23 17:45:00,0.71599,0.71633,0.71588,0.71608,1603.0,2.0
2026-04-23 18:00:00,0.71607,0.71625,0.71571,0.7158,2040.0,2.0
2026-04-23 18:15:00,0.71581,0.71631,0.71576,0.71606,1667.0,2.0
2026-04-23 18:30:00,0.71605,0.71614,0.71547,0.71547,1686.0,2.0
2026-04-23 18:45:00,0.71546,0.71576,0.71515,0.71553,2303.0,2.0
2026-04-23 19:00:00,0.71552,0.71567,0.7152,0.71523,1248.0,2.6666666666666665
2026-04-23 19:15:00,0.7152,0.71556,0.71519,0.71542,1026.0,2.0
2026-04-23 19:30:00,0.71542,0.71567,0.71528,0.7156,825.0,2.0
2026-04-23 19:45:00,0.7156,0.7157,0.71534,0.71547,1050.0,2.0
2026-04-23 20:00:00,0.71548,0.71563,0.71312,0.71337,3572.0,3.3333333333333335
2026-04-23 20:15:00,0.71336,0.71377,0.71263,0.71333,3536.0,2.6666666666666665
2026-04-23 20:30:00,0.71334,0.71396,0.71166,0.7118,4264.0,2.0
2026-04-23 20:45:00,0.71181,0.71429,0.7111,0.71416,5528.0,2.3333333333333335
2026-04-23 21:00:00,0.71417,0.71499,0.71412,0.71475,4676.0,8.0
2026-04-23 21:15:00,0.71474,0.71501,0.71438,0.71464,2925.0,8.0
2026-04-23 21:30:00,0.71463,0.71493,0.71412,0.71438,1762.0,8.0
2026-04-23 21:45:00,0.71439,0.71443,0.71346,0.71359,1410.0,8.0
2026-04-23 22:00:00,0.71358,0.71366,0.71311,0.71338,1668.0,8.0
2026-04-23 22:15:00,0.71339,0.71357,0.71322,0.71329,1128.0,8.0
2026-04-23 22:30:00,0.7133,0.71346,0.71265,0.71299,1355.0,8.0
2026-04-23 22:45:00,0.71298,0.71341,0.71281,0.71332,1425.0,8.0
2026-04-23 23:00:00,0.7133,0.7133,0.71254,0.71256,842.0,12.0
2026-04-23 23:15:00,0.71255,0.71302,0.71241,0.71299,492.0,12.0
2026-04-23 23:30:00,0.713,0.71305,0.71282,0.71287,377.0,12.0
2026-04-23 23:45:00,0.71288,0.71303,0.7127,0.7128,317.0,12.0
2026-04-24 00:00:00,0.71234,0.71322,0.71234,0.71242,70.0,47.666666666666664
2026-04-24 00:15:00,0.71244,0.71294,0.7123,0.71283,78.0,38.666666666666664
2026-04-24 00:30:00,0.71284,0.71299,0.71244,0.71246,77.0,37.333333333333336
2026-04-24 00:45:00,0.71244,0.71305,0.71244,0.71305,60.0,35.0
2026-04-24 01:00:00,0.71302,0.71316,0.71284,0.71307,365.0,12.0
2026-04-24 01:15:00,0.71306,0.71312,0.71296,0.71305,195.0,12.0
2026-04-24 01:30:00,0.71304,0.71331,0.71304,0.71327,217.0,12.0
2026-04-24 01:45:00,0.71328,0.71333,0.7132,0.71331,129.0,12.0
2026-04-24 02:00:00,0.7133,0.71333,0.71306,0.71315,212.0,12.0
2026-04-24 02:15:00,0.71317,0.71331,0.71301,0.71331,205.0,12.0
2026-04-24 02:30:00,0.71332,0.71337,0.71314,0.71318,167.0,12.0
2026-04-24 02:45:00,0.71319,0.71322,0.71287,0.71293,350.0,2.3333333333333335
2026-04-24 03:00:00,0.71292,0.71336,0.71272,0.71332,1112.0,2.6666666666666665
2026-04-24 03:15:00,0.71333,0.71342,0.71314,0.7134,851.0,2.0
2026-04-24 03:30:00,0.71339,0.71354,0.71293,0.71312,931.0,3.0
2026-04-24 03:45:00,0.71313,0.71335,0.71297,0.71323,954.0,2.0
2026-04-24 04:00:00,0.71324,0.7136,0.71315,0.71339,1093.0,2.3333333333333335
2026-04-24 04:15:00,0.71338,0.71353,0.71309,0.71323,1099.0,2.0
2026-04-24 04:30:00,0.7132,0.71332,0.71272,0.71284,1296.0,2.3333333333333335
2026-04-24 04:45:00,0.71284,0.71333,0.71281,0.7133,1101.0,2.0
2026-04-24 05:00:00,0.71329,0.71334,0.71254,0.71269,1081.0,2.3333333333333335
2026-04-24 05:15:00,0.71269,0.71289,0.71226,0.71226,1058.0,2.0
2026-04-24 05:30:00,0.71226,0.71264,0.71225,0.71255,960.0,2.0
2026-04-24 05:45:00,0.71256,0.71256,0.71205,0.71217,776.0,2.0
2026-04-24 06:00:00,0.71218,0.71232,0.71181,0.71212,864.0,3.0
2026-04-24 06:15:00,0.71213,0.71213,0.71161,0.71174,832.0,2.0
2026-04-24 06:30:00,0.71177,0.71203,0.71146,0.71192,1043.0,2.6666666666666665
2026-04-24 06:45:00,0.71191,0.71213,0.71188,0.71192,622.0,2.3333333333333335
2026-04-24 07:00:00,0.71191,0.71232,0.71167,0.7122,870.0,2.0
2026-04-24 07:15:00,0.71222,0.7123,0.71197,0.71205,612.0,2.0
2026-04-24 07:30:00,0.71204,0.71229,0.712,0.71221,640.0,2.0
2026-04-24 07:45:00,0.71222,0.71271,0.71218,0.71248,602.0,2.3333333333333335
2026-04-24 08:00:00,0.71249,0.71256,0.71206,0.71241,901.0,2.0
2026-04-24 08:15:00,0.71241,0.71256,0.71233,0.71245,958.0,2.3333333333333335
2026-04-24 08:30:00,0.71246,0.7129,0.71246,0.7127,705.0,2.3333333333333335
2026-04-24 08:45:00,0.71269,0.71284,0.71255,0.71267,499.0,2.6666666666666665
2026-04-24 09:00:00,0.71266,0.71302,0.71252,0.71253,846.0,3.0
2026-04-24 09:15:00,0.71252,0.71266,0.71201,0.71208,813.0,3.0
2026-04-24 09:30:00,0.71209,0.71252,0.71209,0.71246,796.0,2.6666666666666665
2026-04-24 09:45:00,0.71247,0.7125,0.71221,0.71243,903.0,2.3333333333333335
2026-04-24 10:00:00,0.71242,0.71288,0.71199,0.71279,991.0,3.0
2026-04-24 10:15:00,0.71278,0.71301,0.71274,0.71283,633.0,2.0
2026-04-24 10:30:00,0.71282,0.71299,0.71257,0.71296,787.0,2.0
2026-04-24 10:45:00,0.71297,0.71344,0.71292,0.71336,652.0,2.6666666666666665
2026-04-24 11:00:00,0.71334,0.71341,0.71277,0.71294,1081.0,3.6666666666666665
2026-04-24 11:15:00,0.71295,0.71379,0.71295,0.71314,1686.0,3.3333333333333335
2026-04-24 11:30:00,0.71312,0.71325,0.71299,0.71301,1222.0,2.6666666666666665
2026-04-24 11:45:00,0.71301,0.71364,0.71296,0.71323,1248.0,3.0
2026-04-24 12:00:00,0.71322,0.71335,0.71304,0.71328,1270.0,2.0
2026-04-24 12:15:00,0.71327,0.7134,0.71277,0.71292,1232.0,2.6666666666666665
2026-04-24 12:30:00,0.71291,0.71322,0.71265,0.71314,721.0,2.3333333333333335
2026-04-24 12:45:00,0.71314,0.71316,0.71294,0.71301,590.0,2.0
2026-04-24 13:00:00,0.71302,0.71311,0.71285,0.71297,625.0,3.0
2026-04-24 13:15:00,0.71296,0.71337,0.71295,0.71334,626.0,3.0
2026-04-24 13:30:00,0.71333,0.71365,0.71317,0.7136,705.0,2.3333333333333335
2026-04-24 13:45:00,0.7136,0.71361,0.71326,0.71343,682.0,2.3333333333333335
2026-04-24 14:00:00,0.71348,0.71441,0.71331,0.71402,2956.0,2.0
2026-04-24 14:15:00,0.71401,0.71512,0.71381,0.71511,2741.0,2.0
2026-04-24 14:30:00,0.7151,0.71519,0.7143,0.71454,1881.0,2.0
2026-04-24 14:45:00,0.71454,0.71454,0.71422,0.71439,1290.0,2.0
2026-04-24 15:00:00,0.7144,0.71473,0.71431,0.71454,1507.0,2.0
2026-04-24 15:15:00,0.71455,0.71455,0.71381,0.71422,1400.0,2.0
2026-04-24 15:30:00,0.71421,0.71423,0.7136,0.71363,1243.0,2.0
2026-04-24 15:45:00,0.71364,0.71384,0.71305,0.71355,1955.0,2.0
2026-04-24 16:00:00,0.71357,0.71405,0.71342,0.71359,1312.0,2.0
2026-04-24 16:15:00,0.71361,0.71376,0.71304,0.71307,1555.0,2.0
2026-04-24 16:30:00,0.71311,0.71337,0.71259,0.71309,2881.0,2.0
2026-04-24 16:45:00,0.7131,0.71361,0.71287,0.71353,2477.0,2.0
2026-04-24 17:00:00,0.71353,0.7144,0.7128,0.71403,3423.0,2.0
2026-04-24 17:15:00,0.71401,0.71431,0.71365,0.71401,2221.0,2.0
2026-04-24 17:30:00,0.71402,0.71467,0.71379,0.71438,2338.0,2.0
2026-04-24 17:45:00,0.71437,0.71441,0.71383,0.71395,1998.0,2.0
2026-04-24 18:00:00,0.71396,0.71424,0.71382,0.71398,1724.0,2.0
2026-04-24 18:15:00,0.71399,0.71422,0.71374,0.71404,1569.0,2.0
2026-04-24 18:30:00,0.71404,0.71479,0.71362,0.7145,1901.0,2.0
2026-04-24 18:45:00,0.71447,0.71553,0.71442,0.71529,3129.0,2.0
2026-04-24 19:00:00,0.71532,0.71535,0.71457,0.71484,1670.0,2.3333333333333335
2026-04-24 19:15:00,0.71484,0.71502,0.71476,0.71487,972.0,2.0
2026-04-24 19:30:00,0.71489,0.71517,0.71477,0.71487,1002.0,2.0
2026-04-24 19:45:00,0.71489,0.71519,0.71485,0.71513,921.0,2.0
2026-04-24 20:00:00,0.71514,0.71547,0.71508,0.71521,1065.0,2.0
2026-04-24 20:15:00,0.71522,0.71524,0.71492,0.71514,887.0,2.0
2026-04-24 20:30:00,0.71513,0.71523,0.71487,0.7151,1036.0,2.3333333333333335
2026-04-24 20:45:00,0.7151,0.71546,0.71486,0.71487,853.0,2.3333333333333335
2026-04-24 21:00:00,0.71487,0.71496,0.71461,0.71496,801.0,8.0
2026-04-24 21:15:00,0.71495,0.71505,0.71481,0.71493,720.0,8.0
2026-04-24 21:30:00,0.71494,0.71527,0.71483,0.71519,804.0,8.0
2026-04-24 21:45:00,0.7152,0.7152,0.71499,0.71511,490.0,8.0
2026-04-24 22:00:00,0.71515,0.71534,0.7151,0.71532,555.0,8.0
2026-04-24 22:15:00,0.71533,0.71541,0.71502,0.71516,516.0,8.0
2026-04-24 22:30:00,0.71515,0.71527,0.71504,0.71512,543.0,8.0
2026-04-24 22:45:00,0.7151,0.71517,0.71499,0.71513,633.0,8.0
2026-04-24 23:00:00,0.71512,0.71531,0.715,0.71521,531.0,12.0
2026-04-24 23:15:00,0.71522,0.71527,0.71496,0.71506,375.0,12.0
2026-04-24 23:30:00,0.71505,0.71511,0.71489,0.71504,429.0,12.0
2026-04-24 23:45:00,0.71499,0.71525,0.71438,0.71469,873.0,16.0
2026-04-27 00:00:00,0.71274,0.71318,0.71272,0.71312,100.0,64.66666666666667
2026-04-27 00:15:00,0.71316,0.7135,0.71273,0.71301,395.0,61.0
2026-04-27 00:30:00,0.71297,0.71412,0.71285,0.71393,252.0,42.0
2026-04-27 00:45:00,0.71393,0.714,0.7139,0.71398,73.0,48.666666666666664
2026-04-27 01:00:00,0.71398,0.71445,0.71385,0.71402,532.0,12.0
2026-04-27 01:15:00,0.71404,0.71419,0.71397,0.71418,259.0,12.0
2026-04-27 01:30:00,0.71417,0.71453,0.71413,0.71437,336.0,12.0
2026-04-27 01:45:00,0.71438,0.71448,0.7143,0.71447,235.0,12.0
2026-04-27 02:00:00,0.71446,0.71463,0.71442,0.71448,211.0,12.0
2026-04-27 02:15:00,0.71449,0.71467,0.71437,0.71438,184.0,12.0
2026-04-27 02:30:00,0.71437,0.71443,0.71427,0.71437,204.0,12.0
2026-04-27 02:45:00,0.7144,0.71453,0.71422,0.71423,359.0,2.3333333333333335
2026-04-27 03:00:00,0.71424,0.71475,0.71424,0.71468,1219.0,3.0
2026-04-27 03:15:00,0.71469,0.7148,0.71447,0.71474,719.0,2.0
2026-04-27 03:30:00,0.71475,0.7152,0.71468,0.71519,637.0,2.0
2026-04-27 03:45:00,0.7152,0.71575,0.71519,0.71573,804.0,2.3333333333333335
2026-04-27 04:00:00,0.71576,0.71684,0.71576,0.71616,2131.0,2.6666666666666665
2026-04-27 04:15:00,0.71617,0.71688,0.71613,0.71648,1228.0,2.6666666666666665
2026-04-27 04:30:00,0.71648,0.71683,0.71635,0.71671,1147.0,2.0
2026-04-27 04:45:00,0.7167,0.71698,0.71646,0.71681,1062.0,2.0
2026-04-27 05:00:00,0.71682,0.71691,0.71639,0.71674,829.0,2.0
2026-04-27 05:15:00,0.71674,0.71699,0.7167,0.71693,644.0,2.0
2026-04-27 05:30:00,0.71694,0.71749,0.71691,0.71709,852.0,2.0
2026-04-27 05:45:00,0.71708,0.71734,0.71705,0.71718,635.0,2.0
2026-04-27 06:00:00,0.71719,0.71755,0.71717,0.71734,763.0,2.3333333333333335
2026-04-27 06:15:00,0.71735,0.71748,0.71726,0.71732,489.0,2.3333333333333335
2026-04-27 06:30:00,0.71734,0.71759,0.71727,0.71758,480.0,2.0
2026-04-27 06:45:00,0.71757,0.71774,0.71738,0.71739,474.0,2.0
2026-04-27 07:00:00,0.71738,0.71742,0.71712,0.71718,375.0,2.0
2026-04-27 07:15:00,0.71719,0.71741,0.71706,0.71739,380.0,2.0
2026-04-27 07:30:00,0.7174,0.71748,0.71731,0.71732,341.0,2.0
2026-04-27 07:45:00,0.71732,0.71733,0.71666,0.71682,635.0,2.3333333333333335
2026-04-27 08:00:00,0.71681,0.71689,0.7166,0.71661,492.0,2.3333333333333335
2026-04-27 08:15:00,0.7166,0.7168,0.71657,0.71672,485.0,2.0
2026-04-27 08:30:00,0.71673,0.71675,0.71639,0.71658,598.0,2.6666666666666665
2026-04-27 08:45:00,0.71657,0.71671,0.71644,0.71645,449.0,2.0
2026-04-27 09:00:00,0.71645,0.71649,0.71574,0.71616,1191.0,2.3333333333333335
2026-04-27 09:15:00,0.71615,0.71643,0.71605,0.71632,889.0,2.0
2026-04-27 09:30:00,0.71631,0.71655,0.71598,0.71606,942.0,2.3333333333333335
2026-04-27 09:45:00,0.71605,0.71662,0.71598,0.71649,850.0,2.0
2026-04-27 10:00:00,0.71648,0.71703,0.71647,0.71703,1229.0,2.0
2026-04-27 10:15:00,0.71702,0.71722,0.71668,0.71709,815.0,2.0
2026-04-27 10:30:00,0.71708,0.71731,0.71693,0.71723,707.0,2.0
2026-04-27 10:45:00,0.71723,0.71783,0.71723,0.71768,936.0,2.0
2026-04-27 11:00:00,0.71767,0.71825,0.71739,0.71786,1339.0,2.6666666666666665
2026-04-27 11:15:00,0.71786,0.7186,0.71762,0.71847,1305.0,2.3333333333333335
2026-04-27 11:30:00,0.71846,0.71847,0.71814,0.71845,850.0,2.0
2026-04-27 11:45:00,0.71845,0.71899,0.71845,0.7188,810.0,2.0
2026-04-27 12:00:00,0.71879,0.71903,0.71874,0.71895,672.0,2.0
2026-04-27 12:15:00,0.71895,0.71895,0.71853,0.71873,549.0,2.0
2026-04-27 12:30:00,0.71874,0.71882,0.71852,0.71859,497.0,2.0
2026-04-27 12:45:00,0.71858,0.7187,0.71828,0.7185,619.0,2.3333333333333335
2026-04-27 13:00:00,0.71851,0.7188,0.71848,0.71859,780.0,2.0
2026-04-27 13:15:00,0.7186,0.71877,0.71834,0.71866,489.0,2.0
2026-04-27 13:30:00,0.71867,0.71879,0.71846,0.71867,581.0,2.3333333333333335
2026-04-27 13:45:00,0.71864,0.71884,0.7186,0.7187,699.0,2.0
2026-04-27 14:00:00,0.71871,0.71876,0.71826,0.71832,910.0,2.0
2026-04-27 14:15:00,0.71833,0.71871,0.71828,0.71864,799.0,2.0
2026-04-27 14:30:00,0.71865,0.71875,0.71834,0.71855,818.0,2.0
2026-04-27 14:45:00,0.71855,0.71867,0.71833,0.71849,734.0,2.0
2026-04-27 15:00:00,0.7185,0.71942,0.7185,0.71935,1070.0,2.0
2026-04-27 15:15:00,0.71936,0.71958,0.71899,0.71921,1146.0,2.0
2026-04-27 15:30:00,0.71922,0.71925,0.7187,0.71913,1306.0,2.0
2026-04-27 15:45:00,0.71914,0.71934,0.71862,0.71878,1338.0,2.0
2026-04-27 16:00:00,0.71879,0.71945,0.71855,0.71917,1869.0,2.0
2026-04-27 16:15:00,0.71916,0.71941,0.71891,0.71894,1011.0,2.0
2026-04-27 16:30:00,0.71897,0.71907,0.71868,0.71874,1837.0,2.0
2026-04-27 16:45:00,0.71875,0.71889,0.71827,0.71886,1791.0,2.0
2026-04-27 17:00:00,0.71885,0.71917,0.71859,0.71905,1983.0,2.0
2026-04-27 17:15:00,0.71904,0.71936,0.71897,0.71914,1459.0,2.0
2026-04-27 17:30:00,0.71915,0.71993,0.71898,0.71987,1594.0,2.0
2026-04-27 17:45:00,0.71988,0.71999,0.71892,0.71927,1679.0,2.0
2026-04-27 18:00:00,0.71928,0.71935,0.71867,0.71893,1405.0,2.0
2026-04-27 18:15:00,0.71892,0.7193,0.71873,0.71912,1339.0,2.0
2026-04-27 18:30:00,0.71911,0.71937,0.71882,0.7193,1001.0,2.0
2026-04-27 18:45:00,0.71928,0.71938,0.71904,0.71921,861.0,2.0
2026-04-27 19:00:00,0.71921,0.71935,0.71904,0.71918,735.0,3.0
2026-04-27 19:15:00,0.71917,0.71936,0.719,0.71906,628.0,2.3333333333333335
2026-04-27 19:30:00,0.71907,0.71919,0.71902,0.71902,554.0,2.0
2026-04-27 19:45:00,0.71903,0.71924,0.71881,0.71897,521.0,2.6666666666666665
2026-04-27 20:00:00,0.71896,0.71907,0.71857,0.71878,697.0,2.6666666666666665
2026-04-27 20:15:00,0.71879,0.71888,0.71844,0.71873,1018.0,2.3333333333333335
2026-04-27 20:30:00,0.71874,0.71937,0.71874,0.7192,864.0,2.3333333333333335
2026-04-27 20:45:00,0.71919,0.71919,0.71887,0.71891,773.0,2.0
2026-04-27 21:00:00,0.71891,0.71899,0.7188,0.71893,481.0,8.0
2026-04-27 21:15:00,0.71894,0.71905,0.71885,0.71889,499.0,8.0
2026-04-27 21:30:00,0.7189,0.71893,0.71866,0.71866,450.0,8.0
2026-04-27 21:45:00,0.71865,0.71887,0.7185,0.71861,523.0,8.0
2026-04-27 22:00:00,0.7186,0.71881,0.71849,0.71878,356.0,8.0
2026-04-27 22:15:00,0.71879,0.71892,0.71875,0.71887,223.0,8.0
2026-04-27 22:30:00,0.71886,0.71886,0.71862,0.71874,313.0,8.0
2026-04-27 22:45:00,0.71873,0.71892,0.71858,0.71863,510.0,8.0
2026-04-27 23:00:00,0.71863,0.71873,0.71854,0.71863,247.0,12.0
2026-04-27 23:15:00,0.71864,0.71864,0.71862,0.71863,12.0,12.0
