time,Open,High,Low,Close,Volume,Spread,RealVolume
2026-04-20 18:20:00,0.80401,0.80463,0.80382,0.80452,1041.0,11.0,0.0
2026-04-20 18:25:00,0.80453,0.8047,0.80437,0.80455,682.0,11.0,0.0
2026-04-20 18:30:00,0.80454,0.80459,0.80424,0.80439,707.0,11.0,0.0
2026-04-20 18:35:00,0.80438,0.8044,0.80412,0.8043,657.0,11.0,0.0
2026-04-20 18:40:00,0.80429,0.80435,0.80391,0.80392,510.0,11.0,0.0
2026-04-20 18:45:00,0.80391,0.80394,0.80365,0.80368,450.0,11.0,0.0
2026-04-20 18:50:00,0.80367,0.80417,0.80365,0.80408,746.0,11.0,0.0
2026-04-20 18:55:00,0.80408,0.80424,0.80404,0.80405,763.0,11.0,0.0
2026-04-20 19:00:00,0.80404,0.80417,0.80377,0.8038,528.0,13.0,0.0
2026-04-20 19:05:00,0.8038,0.80392,0.80371,0.80378,420.0,13.0,0.0
2026-04-20 19:10:00,0.80378,0.80387,0.80364,0.80365,333.0,11.0,0.0
2026-04-20 19:15:00,0.80364,0.80372,0.80352,0.80356,369.0,13.0,0.0
2026-04-20 19:20:00,0.80358,0.80364,0.80346,0.80348,330.0,13.0,0.0
2026-04-20 19:25:00,0.80348,0.80365,0.80343,0.80358,324.0,12.0,0.0
2026-04-20 19:30:00,0.80359,0.80365,0.80343,0.80344,436.0,13.0,0.0
2026-04-20 19:35:00,0.80346,0.80348,0.80314,0.80315,348.0,12.0,0.0
2026-04-20 19:40:00,0.80314,0.80361,0.80314,0.80355,411.0,13.0,0.0
2026-04-20 19:45:00,0.80353,0.80375,0.80351,0.80373,337.0,13.0,0.0
2026-04-20 19:50:00,0.80372,0.80388,0.80368,0.80376,235.0,11.0,0.0
2026-04-20 19:55:00,0.80377,0.80377,0.80354,0.80365,319.0,11.0,0.0
2026-04-20 20:00:00,0.80365,0.80403,0.80363,0.80369,518.0,11.0,0.0
2026-04-20 20:05:00,0.8037,0.80396,0.80368,0.80384,249.0,11.0,0.0
2026-04-20 20:10:00,0.80384,0.80397,0.80378,0.80393,200.0,11.0,0.0
2026-04-20 20:15:00,0.80392,0.80393,0.80373,0.80374,182.0,11.0,0.0
2026-04-20 20:20:00,0.80373,0.80383,0.80361,0.80362,240.0,11.0,0.0
2026-04-20 20:25:00,0.80364,0.80372,0.80356,0.80356,260.0,11.0,0.0
2026-04-20 20:30:00,0.80356,0.80363,0.80331,0.80333,229.0,12.0,0.0
2026-04-20 20:35:00,0.80334,0.80354,0.80328,0.80352,464.0,14.0,0.0
2026-04-20 20:40:00,0.80351,0.80373,0.80347,0.80354,350.0,15.0,0.0
2026-04-20 20:45:00,0.80352,0.80361,0.80346,0.80349,213.0,11.0,0.0
2026-04-20 20:50:00,0.8035,0.80353,0.80336,0.8034,340.0,11.0,0.0
2026-04-20 20:55:00,0.80342,0.80344,0.80321,0.80329,345.0,11.0,0.0
2026-04-20 21:00:00,0.80328,0.80358,0.80328,0.80349,306.0,13.0,0.0
2026-04-20 21:05:00,0.80349,0.80358,0.80337,0.80349,263.0,14.0,0.0
2026-04-20 21:10:00,0.80347,0.80349,0.80323,0.80343,372.0,17.0,0.0
2026-04-20 21:15:00,0.80342,0.80349,0.80331,0.80333,206.0,13.0,0.0
2026-04-20 21:20:00,0.80333,0.80344,0.80331,0.80335,280.0,13.0,0.0
2026-04-20 21:25:00,0.80336,0.80336,0.80307,0.80315,372.0,13.0,0.0
2026-04-20 21:30:00,0.80314,0.80325,0.80306,0.80323,291.0,13.0,0.0
2026-04-20 21:35:00,0.80324,0.80325,0.80307,0.8032,345.0,13.0,0.0
2026-04-20 21:40:00,0.80318,0.80336,0.80318,0.80328,258.0,13.0,0.0
2026-04-20 21:45:00,0.80327,0.80334,0.80319,0.80329,244.0,13.0,0.0
2026-04-20 21:50:00,0.80329,0.80345,0.80326,0.80338,215.0,13.0,0.0
2026-04-20 21:55:00,0.80339,0.80343,0.80321,0.80326,395.0,13.0,0.0
2026-04-20 22:00:00,0.8032,0.80355,0.80319,0.80355,237.0,15.0,0.0
2026-04-20 22:05:00,0.80353,0.80374,0.80351,0.80363,157.0,13.0,0.0
2026-04-20 22:10:00,0.80363,0.80367,0.80356,0.80363,162.0,13.0,0.0
2026-04-20 22:15:00,0.80365,0.80373,0.8036,0.80365,137.0,13.0,0.0
2026-04-20 22:20:00,0.80364,0.80367,0.80358,0.80359,121.0,14.0,0.0
2026-04-20 22:25:00,0.80361,0.80367,0.8036,0.80363,109.0,13.0,0.0
2026-04-20 22:30:00,0.80362,0.80367,0.80352,0.80354,173.0,13.0,0.0
2026-04-20 22:35:00,0.80354,0.80365,0.8035,0.80353,194.0,17.0,0.0
2026-04-20 22:40:00,0.80354,0.80375,0.80349,0.80368,215.0,15.0,0.0
2026-04-20 22:45:00,0.80366,0.80376,0.8036,0.80374,253.0,13.0,0.0
2026-04-20 22:50:00,0.80375,0.80383,0.80369,0.80371,284.0,13.0,0.0
2026-04-20 22:55:00,0.8037,0.80402,0.80367,0.80396,511.0,17.0,0.0
2026-04-20 23:00:00,0.80398,0.80402,0.8036,0.80365,261.0,11.0,0.0
2026-04-20 23:05:00,0.80363,0.80377,0.80358,0.80361,190.0,11.0,0.0
2026-04-20 23:10:00,0.80361,0.8037,0.80356,0.80367,64.0,12.0,0.0
2026-04-20 23:15:00,0.80369,0.80382,0.80367,0.80376,123.0,11.0,0.0
2026-04-20 23:20:00,0.80375,0.80383,0.80374,0.80377,81.0,11.0,0.0
2026-04-20 23:25:00,0.80376,0.80376,0.8036,0.80366,148.0,11.0,0.0
2026-04-20 23:30:00,0.80365,0.80397,0.80365,0.80396,130.0,15.0,0.0
2026-04-20 23:35:00,0.80396,0.80396,0.80378,0.80381,195.0,15.0,0.0
2026-04-20 23:40:00,0.80377,0.80393,0.80376,0.80391,114.0,24.0,0.0
2026-04-20 23:45:00,0.80392,0.80396,0.80376,0.80378,249.0,24.0,0.0
2026-04-20 23:50:00,0.80377,0.80382,0.80366,0.8038,316.0,24.0,0.0
2026-04-20 23:55:00,0.80379,0.80387,0.80318,0.80341,275.0,25.0,0.0
2026-04-21 00:00:00,0.80185,0.80185,0.80176,0.80181,7.0,100.0,0.0
2026-04-21 00:05:00,0.8018,0.80265,0.80163,0.80225,54.0,100.0,0.0
2026-04-21 00:10:00,0.80222,0.80232,0.80214,0.80214,37.0,100.0,0.0
2026-04-21 00:15:00,0.80218,0.8025,0.80217,0.80247,65.0,100.0,0.0
2026-04-21 00:20:00,0.8025,0.80253,0.80239,0.8024,50.0,100.0,0.0
2026-04-21 00:25:00,0.80241,0.80245,0.8022,0.80245,63.0,100.0,0.0
2026-04-21 00:30:00,0.80239,0.80276,0.80237,0.80269,701.0,100.0,0.0
2026-04-21 00:35:00,0.80273,0.80281,0.80267,0.80276,162.0,100.0,0.0
2026-04-21 00:40:00,0.80274,0.80291,0.80268,0.80277,155.0,100.0,0.0
2026-04-21 00:45:00,0.80272,0.80297,0.80265,0.80269,165.0,100.0,0.0
2026-04-21 00:50:00,0.8027,0.80304,0.80267,0.80301,98.0,100.0,0.0
2026-04-21 00:55:00,0.80302,0.80315,0.80282,0.80305,142.0,100.0,0.0
2026-04-21 01:00:00,0.80322,0.80377,0.80318,0.80319,244.0,16.0,0.0
2026-04-21 01:05:00,0.80318,0.80344,0.80318,0.80333,78.0,16.0,0.0
2026-04-21 01:10:00,0.80332,0.8034,0.80327,0.80335,63.0,16.0,0.0
2026-04-21 01:15:00,0.80334,0.8035,0.80334,0.80347,54.0,16.0,0.0
2026-04-21 01:20:00,0.80348,0.80355,0.80342,0.80343,52.0,16.0,0.0
2026-04-21 01:25:00,0.8034,0.80345,0.8034,0.80345,26.0,16.0,0.0
2026-04-21 01:30:00,0.80344,0.80357,0.8034,0.8034,94.0,14.0,0.0
2026-04-21 01:35:00,0.80336,0.80341,0.80331,0.8034,43.0,16.0,0.0
2026-04-21 01:40:00,0.80341,0.8037,0.80337,0.80337,111.0,16.0,0.0
2026-04-21 01:45:00,0.80339,0.80609,0.80339,0.80594,528.0,17.0,0.0
2026-04-21 01:50:00,0.80592,0.80638,0.80569,0.8062,426.0,18.0,0.0
2026-04-21 01:55:00,0.80616,0.80658,0.8061,0.80657,324.0,16.0,0.0
2026-04-21 02:00:00,0.80653,0.80697,0.80645,0.80694,325.0,16.0,0.0
2026-04-21 02:05:00,0.80693,0.80697,0.80652,0.80659,207.0,15.0,0.0
2026-04-21 02:10:00,0.80659,0.80662,0.80599,0.80622,195.0,14.0,0.0
2026-04-21 02:15:00,0.80624,0.80624,0.80594,0.80594,141.0,12.0,0.0
2026-04-21 02:20:00,0.80595,0.80603,0.80595,0.80601,114.0,12.0,0.0
2026-04-21 02:25:00,0.806,0.80627,0.806,0.80611,118.0,12.0,0.0
2026-04-21 02:30:00,0.80612,0.80612,0.80595,0.80596,81.0,12.0,0.0
2026-04-21 02:35:00,0.80597,0.80604,0.80579,0.80595,170.0,13.0,0.0
2026-04-21 02:40:00,0.80591,0.80602,0.80589,0.80599,129.0,15.0,0.0
2026-04-21 02:45:00,0.80597,0.80603,0.80579,0.80587,198.0,13.0,0.0
2026-04-21 02:50:00,0.80589,0.80605,0.80577,0.80579,170.0,14.0,0.0
2026-04-21 02:55:00,0.80578,0.80581,0.80562,0.80572,282.0,14.0,0.0
2026-04-21 03:00:00,0.80574,0.80608,0.80574,0.80578,518.0,16.0,0.0
2026-04-21 03:05:00,0.80577,0.80605,0.80566,0.80604,415.0,17.0,0.0
2026-04-21 03:10:00,0.80605,0.80626,0.806,0.8062,321.0,15.0,0.0
2026-04-21 03:15:00,0.80619,0.80651,0.80612,0.80644,422.0,15.0,0.0
2026-04-21 03:20:00,0.80646,0.80665,0.80634,0.80634,216.0,13.0,0.0
2026-04-21 03:25:00,0.80636,0.80639,0.80619,0.80627,371.0,13.0,0.0
2026-04-21 03:30:00,0.80629,0.80652,0.80611,0.80652,302.0,13.0,0.0
2026-04-21 03:35:00,0.80651,0.80654,0.80624,0.80642,303.0,13.0,0.0
2026-04-21 03:40:00,0.80643,0.80675,0.80643,0.80656,228.0,11.0,0.0
2026-04-21 03:45:00,0.80655,0.8068,0.8065,0.80666,632.0,11.0,0.0
2026-04-21 03:50:00,0.80665,0.80679,0.80656,0.8066,373.0,15.0,0.0
2026-04-21 03:55:00,0.80662,0.80675,0.80653,0.80668,414.0,13.0,0.0
2026-04-21 04:00:00,0.80669,0.80673,0.80651,0.80673,336.0,11.0,0.0
2026-04-21 04:05:00,0.80674,0.80689,0.80666,0.80676,231.0,11.0,0.0
2026-04-21 04:10:00,0.80677,0.80689,0.80665,0.8067,253.0,11.0,0.0
2026-04-21 04:15:00,0.80671,0.80703,0.80662,0.80694,306.0,11.0,0.0
2026-04-21 04:20:00,0.80693,0.80693,0.80678,0.80683,236.0,11.0,0.0
2026-04-21 04:25:00,0.80683,0.80708,0.8067,0.80706,258.0,11.0,0.0
2026-04-21 04:30:00,0.80706,0.80725,0.80702,0.80723,328.0,12.0,0.0
2026-04-21 04:35:00,0.80725,0.80751,0.80724,0.80751,262.0,11.0,0.0
2026-04-21 04:40:00,0.8075,0.80773,0.80746,0.80766,278.0,12.0,0.0
2026-04-21 04:45:00,0.80767,0.80768,0.80723,0.80727,293.0,16.0,0.0
2026-04-21 04:50:00,0.80725,0.80751,0.80725,0.80738,277.0,16.0,0.0
2026-04-21 04:55:00,0.80737,0.80738,0.80724,0.80735,199.0,12.0,0.0
2026-04-21 05:00:00,0.80737,0.80739,0.80699,0.807,246.0,11.0,0.0
2026-04-21 05:05:00,0.807,0.80736,0.807,0.80732,219.0,11.0,0.0
2026-04-21 05:10:00,0.80732,0.80748,0.80732,0.80747,175.0,11.0,0.0
2026-04-21 05:15:00,0.80745,0.80747,0.8072,0.80725,163.0,11.0,0.0
2026-04-21 05:20:00,0.80726,0.80726,0.80706,0.80711,135.0,11.0,0.0
2026-04-21 05:25:00,0.8071,0.80722,0.80706,0.80711,180.0,11.0,0.0
2026-04-21 05:30:00,0.8071,0.80711,0.80673,0.80677,215.0,11.0,0.0
2026-04-21 05:35:00,0.80679,0.80695,0.80677,0.80692,258.0,13.0,0.0
2026-04-21 05:40:00,0.80691,0.80694,0.80669,0.80677,212.0,13.0,0.0
2026-04-21 05:45:00,0.80677,0.80679,0.80651,0.80655,158.0,11.0,0.0
2026-04-21 05:50:00,0.80655,0.80672,0.80651,0.80669,177.0,11.0,0.0
2026-04-21 05:55:00,0.80668,0.80689,0.80668,0.80688,160.0,11.0,0.0
2026-04-21 06:00:00,0.80689,0.80693,0.80644,0.80647,223.0,13.0,0.0
2026-04-21 06:05:00,0.80646,0.8065,0.80586,0.80612,219.0,17.0,0.0
2026-04-21 06:10:00,0.80611,0.80611,0.80578,0.80578,174.0,15.0,0.0
2026-04-21 06:15:00,0.80576,0.80588,0.80549,0.80566,246.0,13.0,0.0
2026-04-21 06:20:00,0.80564,0.80567,0.80513,0.80521,326.0,16.0,0.0
2026-04-21 06:25:00,0.8052,0.80565,0.80513,0.80562,217.0,15.0,0.0
2026-04-21 06:30:00,0.80563,0.80607,0.80557,0.80601,204.0,12.0,0.0
2026-04-21 06:35:00,0.80599,0.80601,0.80568,0.8057,227.0,15.0,0.0
2026-04-21 06:40:00,0.80571,0.80601,0.80569,0.806,166.0,12.0,0.0
2026-04-21 06:45:00,0.80601,0.80603,0.80587,0.80597,231.0,11.0,0.0
2026-04-21 06:50:00,0.80597,0.806,0.80589,0.80595,182.0,11.0,0.0
2026-04-21 06:55:00,0.80594,0.80601,0.80582,0.80586,263.0,11.0,0.0
2026-04-21 07:00:00,0.80587,0.80599,0.8058,0.80587,218.0,11.0,0.0
2026-04-21 07:05:00,0.80586,0.80601,0.80584,0.80593,203.0,12.0,0.0
2026-04-21 07:10:00,0.80592,0.80593,0.8058,0.80582,143.0,11.0,0.0
2026-04-21 07:15:00,0.80582,0.80592,0.8058,0.80589,167.0,11.0,0.0
2026-04-21 07:20:00,0.80591,0.80595,0.80585,0.80591,108.0,12.0,0.0
2026-04-21 07:25:00,0.80592,0.80609,0.80586,0.80608,154.0,11.0,0.0
2026-04-21 07:30:00,0.80609,0.80622,0.80606,0.80607,87.0,14.0,0.0
2026-04-21 07:35:00,0.80608,0.80612,0.806,0.80604,83.0,12.0,0.0
2026-04-21 07:40:00,0.80603,0.80613,0.80603,0.80611,113.0,11.0,0.0
2026-04-21 07:45:00,0.80611,0.80613,0.80602,0.80605,113.0,11.0,0.0
2026-04-21 07:50:00,0.80605,0.80609,0.80597,0.80607,143.0,11.0,0.0
2026-04-21 07:55:00,0.80608,0.80608,0.80576,0.80592,195.0,11.0,0.0
2026-04-21 08:00:00,0.80594,0.80616,0.8059,0.80608,357.0,17.0,0.0
2026-04-21 08:05:00,0.80609,0.80625,0.80608,0.80613,200.0,18.0,0.0
2026-04-21 08:10:00,0.80611,0.80616,0.80602,0.80616,175.0,14.0,0.0
2026-04-21 08:15:00,0.80616,0.80668,0.80616,0.80668,236.0,16.0,0.0
2026-04-21 08:20:00,0.80666,0.80682,0.80659,0.80682,214.0,13.0,0.0
2026-04-21 08:25:00,0.80682,0.80691,0.8068,0.80685,192.0,11.0,0.0
2026-04-21 08:30:00,0.80684,0.80692,0.80665,0.80692,256.0,12.0,0.0
2026-04-21 08:35:00,0.80693,0.80701,0.80676,0.80688,232.0,13.0,0.0
2026-04-21 08:40:00,0.8069,0.8069,0.80654,0.80658,209.0,16.0,0.0
2026-04-21 08:45:00,0.80657,0.80665,0.80625,0.80626,289.0,16.0,0.0
2026-04-21 08:50:00,0.80624,0.80641,0.80618,0.80621,245.0,16.0,0.0
2026-04-21 08:55:00,0.80622,0.80653,0.80614,0.80639,199.0,13.0,0.0
2026-04-21 09:00:00,0.80636,0.80648,0.80609,0.80633,458.0,15.0,0.0
2026-04-21 09:05:00,0.80633,0.80662,0.80625,0.8066,283.0,13.0,0.0
2026-04-21 09:10:00,0.80662,0.8067,0.80647,0.80655,324.0,13.0,0.0
2026-04-21 09:15:00,0.80657,0.80668,0.80633,0.80653,256.0,13.0,0.0
2026-04-21 09:20:00,0.80654,0.8066,0.80637,0.80643,352.0,13.0,0.0
2026-04-21 09:25:00,0.80643,0.80645,0.8063,0.8064,223.0,11.0,0.0
2026-04-21 09:30:00,0.80641,0.80662,0.80632,0.80651,331.0,12.0,0.0
2026-04-21 09:35:00,0.8065,0.8067,0.80644,0.80668,282.0,11.0,0.0
2026-04-21 09:40:00,0.80669,0.80675,0.80654,0.80671,303.0,11.0,0.0
2026-04-21 09:45:00,0.80671,0.80682,0.80664,0.80677,261.0,11.0,0.0
2026-04-21 09:50:00,0.80676,0.80682,0.80659,0.80681,238.0,11.0,0.0
2026-04-21 09:55:00,0.8068,0.80716,0.80677,0.80703,382.0,12.0,0.0
2026-04-21 10:00:00,0.80704,0.80716,0.80649,0.80649,616.0,13.0,0.0
2026-04-21 10:05:00,0.8065,0.80659,0.80625,0.80656,451.0,9.0,0.0
2026-04-21 10:10:00,0.80656,0.80673,0.80646,0.8065,384.0,9.0,0.0
2026-04-21 10:15:00,0.8065,0.80674,0.80649,0.80666,374.0,9.0,0.0
2026-04-21 10:20:00,0.80666,0.80671,0.80634,0.80644,445.0,9.0,0.0
2026-04-21 10:25:00,0.80646,0.8068,0.80645,0.8068,303.0,9.0,0.0
2026-04-21 10:30:00,0.80682,0.807,0.80658,0.80659,392.0,9.0,0.0
2026-04-21 10:35:00,0.8066,0.80673,0.80626,0.80626,427.0,9.0,0.0
2026-04-21 10:40:00,0.80627,0.80637,0.80609,0.80632,349.0,9.0,0.0
2026-04-21 10:45:00,0.80633,0.80667,0.8063,0.80667,434.0,9.0,0.0
2026-04-21 10:50:00,0.80667,0.80675,0.80636,0.80649,502.0,10.0,0.0
2026-04-21 10:55:00,0.80648,0.80677,0.80625,0.80632,512.0,11.0,0.0
2026-04-21 11:00:00,0.80631,0.80645,0.80599,0.80634,620.0,10.0,0.0
2026-04-21 11:05:00,0.80633,0.80634,0.80556,0.80587,847.0,11.0,0.0
2026-04-21 11:10:00,0.80588,0.80596,0.80557,0.80559,692.0,9.0,0.0
2026-04-21 11:15:00,0.8056,0.80583,0.80558,0.80583,547.0,9.0,0.0
2026-04-21 11:20:00,0.80583,0.80634,0.80581,0.80618,453.0,9.0,0.0
2026-04-21 11:25:00,0.80618,0.80633,0.80607,0.80622,429.0,9.0,0.0
2026-04-21 11:30:00,0.80621,0.8063,0.80607,0.80612,378.0,11.0,0.0
2026-04-21 11:35:00,0.80611,0.80613,0.80587,0.80598,330.0,9.0,0.0
2026-04-21 11:40:00,0.80598,0.80632,0.80587,0.8062,432.0,9.0,0.0
2026-04-21 11:45:00,0.80621,0.80625,0.80592,0.80597,321.0,9.0,0.0
2026-04-21 11:50:00,0.80598,0.80609,0.80587,0.80606,303.0,9.0,0.0
2026-04-21 11:55:00,0.80607,0.80625,0.80591,0.80622,241.0,9.0,0.0
2026-04-21 12:00:00,0.80623,0.80625,0.80596,0.80597,348.0,9.0,0.0
2026-04-21 12:05:00,0.80598,0.80598,0.80571,0.80586,288.0,9.0,0.0
2026-04-21 12:10:00,0.80584,0.80606,0.80579,0.80592,279.0,10.0,0.0
2026-04-21 12:15:00,0.80592,0.80611,0.80587,0.80605,321.0,9.0,0.0
2026-04-21 12:20:00,0.80604,0.80608,0.80591,0.80596,289.0,9.0,0.0
2026-04-21 12:25:00,0.80596,0.80599,0.80586,0.80589,257.0,9.0,0.0
2026-04-21 12:30:00,0.80589,0.80598,0.80582,0.80583,222.0,9.0,0.0
2026-04-21 12:35:00,0.80583,0.80599,0.80572,0.80583,219.0,10.0,0.0
2026-04-21 12:40:00,0.80581,0.80596,0.8058,0.8059,200.0,9.0,0.0
2026-04-21 12:45:00,0.80589,0.80608,0.80587,0.80594,221.0,9.0,0.0
2026-04-21 12:50:00,0.80593,0.8063,0.8059,0.80629,257.0,9.0,0.0
2026-04-21 12:55:00,0.80631,0.80651,0.80619,0.80626,370.0,11.0,0.0
2026-04-21 13:00:00,0.80625,0.80625,0.80583,0.80609,324.0,9.0,0.0
2026-04-21 13:05:00,0.80608,0.80643,0.80608,0.80634,266.0,9.0,0.0
2026-04-21 13:10:00,0.80636,0.80636,0.80601,0.80607,352.0,9.0,0.0
2026-04-21 13:15:00,0.80607,0.80624,0.806,0.80607,279.0,9.0,0.0
2026-04-21 13:20:00,0.80607,0.80628,0.80607,0.80626,249.0,9.0,0.0
2026-04-21 13:25:00,0.80627,0.80638,0.80621,0.80627,302.0,9.0,0.0
2026-04-21 13:30:00,0.80627,0.80643,0.80619,0.80628,255.0,9.0,0.0
2026-04-21 13:35:00,0.80626,0.80634,0.80624,0.80628,275.0,9.0,0.0
2026-04-21 13:40:00,0.80627,0.8063,0.80614,0.80627,202.0,9.0,0.0
2026-04-21 13:45:00,0.80627,0.80645,0.80615,0.8062,216.0,9.0,0.0
2026-04-21 13:50:00,0.80619,0.8063,0.80616,0.8063,269.0,9.0,0.0
2026-04-21 13:55:00,0.8063,0.80647,0.80625,0.80647,288.0,10.0,0.0
2026-04-21 14:00:00,0.8065,0.8068,0.8065,0.80671,370.0,8.0,0.0
2026-04-21 14:05:00,0.80672,0.80676,0.8058,0.8061,591.0,8.0,0.0
2026-04-21 14:10:00,0.80612,0.80636,0.80605,0.80632,622.0,8.0,0.0
2026-04-21 14:15:00,0.80633,0.80646,0.80618,0.8064,310.0,8.0,0.0
2026-04-21 14:20:00,0.80641,0.8067,0.80635,0.80663,385.0,8.0,0.0
2026-04-21 14:25:00,0.80663,0.80663,0.8064,0.80653,315.0,8.0,0.0
2026-04-21 14:30:00,0.80653,0.80687,0.80646,0.80677,331.0,8.0,0.0
2026-04-21 14:35:00,0.80676,0.80687,0.80669,0.80683,296.0,8.0,0.0
2026-04-21 14:40:00,0.80684,0.80697,0.80677,0.80683,267.0,8.0,0.0
2026-04-21 14:45:00,0.80682,0.80715,0.80676,0.80715,275.0,8.0,0.0
2026-04-21 14:50:00,0.80714,0.80728,0.80709,0.80724,291.0,8.0,0.0
2026-04-21 14:55:00,0.80724,0.80733,0.80714,0.80714,362.0,8.0,0.0
2026-04-21 15:00:00,0.80716,0.80723,0.80689,0.80693,448.0,8.0,0.0
2026-04-21 15:05:00,0.80695,0.80721,0.80695,0.80713,406.0,8.0,0.0
2026-04-21 15:10:00,0.80712,0.80716,0.8069,0.80691,383.0,8.0,0.0
2026-04-21 15:15:00,0.80693,0.80695,0.8064,0.80642,479.0,8.0,0.0
2026-04-21 15:20:00,0.80643,0.80668,0.80629,0.8066,458.0,8.0,0.0
2026-04-21 15:25:00,0.80661,0.80667,0.80656,0.80656,243.0,8.0,0.0
2026-04-21 15:30:00,0.80654,0.80655,0.80604,0.80633,688.0,8.0,0.0
2026-04-21 15:35:00,0.80631,0.80644,0.80573,0.80592,831.0,8.0,0.0
2026-04-21 15:40:00,0.80591,0.80619,0.8058,0.80592,626.0,8.0,0.0
2026-04-21 15:45:00,0.80593,0.80619,0.80579,0.80585,543.0,8.0,0.0
2026-04-21 15:50:00,0.80586,0.80606,0.80572,0.80605,547.0,8.0,0.0
2026-04-21 15:55:00,0.80604,0.80614,0.80582,0.80595,564.0,8.0,0.0
2026-04-21 16:00:00,0.80596,0.80654,0.80596,0.80643,604.0,8.0,0.0
2026-04-21 16:05:00,0.80642,0.80651,0.8062,0.80621,432.0,8.0,0.0
2026-04-21 16:10:00,0.80622,0.80629,0.80605,0.80607,326.0,8.0,0.0
2026-04-21 16:15:00,0.80606,0.80625,0.80604,0.80623,301.0,8.0,0.0
2026-04-21 16:20:00,0.80624,0.80638,0.80611,0.80623,498.0,8.0,0.0
2026-04-21 16:25:00,0.80625,0.80628,0.80601,0.80625,401.0,8.0,0.0
2026-04-21 16:30:00,0.80626,0.80645,0.80603,0.8064,794.0,11.0,0.0
2026-04-21 16:35:00,0.8064,0.80642,0.80606,0.80624,657.0,11.0,0.0
2026-04-21 16:40:00,0.80622,0.80641,0.80607,0.80613,578.0,11.0,0.0
2026-04-21 16:45:00,0.80614,0.8064,0.80595,0.80638,638.0,11.0,0.0
2026-04-21 16:50:00,0.80638,0.80682,0.80636,0.80679,608.0,11.0,0.0
2026-04-21 16:55:00,0.80679,0.80687,0.80661,0.80686,521.0,11.0,0.0
2026-04-21 17:00:00,0.80687,0.80696,0.80663,0.80694,567.0,11.0,0.0
2026-04-21 17:05:00,0.80694,0.80705,0.80683,0.80689,479.0,11.0,0.0
2026-04-21 17:10:00,0.80687,0.80702,0.80662,0.80692,483.0,11.0,0.0
2026-04-21 17:15:00,0.80693,0.80717,0.80693,0.80708,404.0,11.0,0.0
2026-04-21 17:20:00,0.80706,0.8071,0.8066,0.8067,648.0,11.0,0.0
2026-04-21 17:25:00,0.8067,0.80683,0.80664,0.80676,504.0,11.0,0.0
2026-04-21 17:30:00,0.80677,0.80681,0.80642,0.80651,611.0,11.0,0.0
2026-04-21 17:35:00,0.80654,0.80695,0.80653,0.80668,556.0,11.0,0.0
2026-04-21 17:40:00,0.80669,0.8069,0.80652,0.80654,865.0,11.0,0.0
2026-04-21 17:45:00,0.80653,0.80684,0.80618,0.80638,1073.0,11.0,0.0
2026-04-21 17:50:00,0.80635,0.8065,0.80609,0.80614,910.0,11.0,0.0
2026-04-21 17:55:00,0.80614,0.80614,0.80557,0.80562,1019.0,11.0,0.0
2026-04-21 18:00:00,0.80562,0.80564,0.80528,0.80542,874.0,11.0,0.0
2026-04-21 18:05:00,0.80542,0.80605,0.8054,0.80604,871.0,11.0,0.0
2026-04-21 18:10:00,0.80602,0.80606,0.80556,0.80569,702.0,11.0,0.0
2026-04-21 18:15:00,0.80569,0.806,0.80562,0.80586,722.0,11.0,0.0
2026-04-21 18:20:00,0.80584,0.8059,0.80558,0.80571,684.0,11.0,0.0
2026-04-21 18:25:00,0.80572,0.80573,0.80518,0.80527,745.0,11.0,0.0
2026-04-21 18:30:00,0.80526,0.8054,0.80508,0.80513,673.0,11.0,0.0
2026-04-21 18:35:00,0.80512,0.80532,0.80479,0.80528,744.0,11.0,0.0
2026-04-21 18:40:00,0.80528,0.80543,0.8051,0.80515,594.0,11.0,0.0
2026-04-21 18:45:00,0.80516,0.8056,0.80515,0.80552,577.0,11.0,0.0
2026-04-21 18:50:00,0.80551,0.80558,0.80536,0.80543,497.0,11.0,0.0
2026-04-21 18:55:00,0.80544,0.80554,0.80537,0.80541,516.0,11.0,0.0
2026-04-21 19:00:00,0.80543,0.80583,0.80537,0.80571,858.0,11.0,0.0
2026-04-21 19:05:00,0.80572,0.80581,0.80565,0.80571,561.0,12.0,0.0
2026-04-21 19:10:00,0.80571,0.80582,0.80563,0.80575,535.0,11.0,0.0
2026-04-21 19:15:00,0.80576,0.80584,0.80557,0.8056,422.0,11.0,0.0
2026-04-21 19:20:00,0.80558,0.80559,0.80526,0.8054,515.0,13.0,0.0
2026-04-21 19:25:00,0.80539,0.80551,0.80531,0.80544,439.0,12.0,0.0
2026-04-21 19:30:00,0.80544,0.80557,0.80542,0.80549,362.0,12.0,0.0
2026-04-21 19:35:00,0.80549,0.80561,0.80514,0.80529,459.0,13.0,0.0
2026-04-21 19:40:00,0.8053,0.80533,0.80504,0.8051,398.0,13.0,0.0
2026-04-21 19:45:00,0.80509,0.80537,0.80506,0.80532,381.0,12.0,0.0
2026-04-21 19:50:00,0.80529,0.80534,0.8048,0.80486,405.0,13.0,0.0
2026-04-21 19:55:00,0.80487,0.80504,0.80481,0.80492,428.0,13.0,0.0
2026-04-21 20:00:00,0.8049,0.80508,0.80482,0.80484,497.0,12.0,0.0
2026-04-21 20:05:00,0.80485,0.80486,0.80445,0.80447,958.0,15.0,0.0
2026-04-21 20:10:00,0.80448,0.80449,0.80383,0.80385,1145.0,15.0,0.0
2026-04-21 20:15:00,0.80384,0.80395,0.80357,0.8036,756.0,13.0,0.0
2026-04-21 20:20:00,0.80359,0.80367,0.80337,0.8036,607.0,12.0,0.0
2026-04-21 20:25:00,0.80361,0.80424,0.8036,0.8042,588.0,11.0,0.0
2026-04-21 20:30:00,0.80421,0.80461,0.80417,0.80456,594.0,12.0,0.0
2026-04-21 20:35:00,0.80457,0.80506,0.80442,0.80486,909.0,12.0,0.0
2026-04-21 20:40:00,0.80487,0.8061,0.80483,0.80561,1623.0,15.0,0.0
2026-04-21 20:45:00,0.80562,0.80574,0.80511,0.80518,792.0,13.0,0.0
2026-04-21 20:50:00,0.80516,0.80527,0.80502,0.80512,558.0,11.0,0.0
2026-04-21 20:55:00,0.80512,0.80517,0.80487,0.8051,464.0,11.0,0.0
2026-04-21 21:00:00,0.80509,0.80526,0.80506,0.80509,577.0,13.0,0.0
2026-04-21 21:05:00,0.80509,0.80529,0.80497,0.80497,567.0,13.0,0.0
2026-04-21 21:10:00,0.80499,0.80509,0.80486,0.80492,675.0,13.0,0.0
2026-04-21 21:15:00,0.80492,0.80497,0.80438,0.80451,1177.0,13.0,0.0
2026-04-21 21:20:00,0.80451,0.80454,0.80431,0.80434,622.0,13.0,0.0
2026-04-21 21:25:00,0.80433,0.80437,0.80413,0.80435,797.0,13.0,0.0
2026-04-21 21:30:00,0.80437,0.80457,0.80436,0.80454,667.0,13.0,0.0
2026-04-21 21:35:00,0.80453,0.80462,0.80434,0.80441,501.0,13.0,0.0
2026-04-21 21:40:00,0.80441,0.80446,0.80422,0.80422,380.0,13.0,0.0
2026-04-21 21:45:00,0.80424,0.80458,0.80423,0.80445,355.0,13.0,0.0
2026-04-21 21:50:00,0.80446,0.80503,0.80433,0.80497,536.0,13.0,0.0
2026-04-21 21:55:00,0.80495,0.80526,0.80468,0.80498,1066.0,17.0,0.0
2026-04-21 22:00:00,0.80496,0.80513,0.8049,0.80508,675.0,15.0,0.0
2026-04-21 22:05:00,0.80509,0.80521,0.80504,0.80515,527.0,13.0,0.0
2026-04-21 22:10:00,0.80516,0.80564,0.80511,0.80525,863.0,13.0,0.0
2026-04-21 22:15:00,0.80526,0.80543,0.80511,0.80511,842.0,17.0,0.0
2026-04-21 22:20:00,0.8051,0.80557,0.80509,0.80554,731.0,16.0,0.0
2026-04-21 22:25:00,0.80552,0.80574,0.80546,0.80574,505.0,13.0,0.0
2026-04-21 22:30:00,0.80573,0.80581,0.80562,0.80565,386.0,13.0,0.0
2026-04-21 22:35:00,0.80563,0.80565,0.80465,0.80476,934.0,13.0,0.0
2026-04-21 22:40:00,0.80476,0.80479,0.80287,0.80307,1712.0,15.0,0.0
2026-04-21 22:45:00,0.80308,0.80358,0.80304,0.80341,1456.0,17.0,0.0
2026-04-21 22:50:00,0.80342,0.80363,0.80276,0.80278,1081.0,14.0,0.0
2026-04-21 22:55:00,0.80277,0.80321,0.80276,0.80318,906.0,13.0,0.0
2026-04-21 23:00:00,0.80319,0.80338,0.80309,0.80332,877.0,11.0,0.0
2026-04-21 23:05:00,0.80334,0.80507,0.80299,0.80462,983.0,11.0,0.0
2026-04-21 23:10:00,0.80466,0.80524,0.80395,0.80494,2081.0,15.0,0.0
2026-04-21 23:15:00,0.80494,0.80553,0.80469,0.80515,713.0,12.0,0.0
2026-04-21 23:20:00,0.80517,0.80583,0.80513,0.80583,740.0,11.0,0.0
2026-04-21 23:25:00,0.80583,0.80586,0.80557,0.8056,675.0,11.0,0.0
2026-04-21 23:30:00,0.8056,0.80569,0.80523,0.80533,750.0,11.0,0.0
2026-04-21 23:35:00,0.80534,0.80543,0.80521,0.80534,404.0,11.0,0.0
2026-04-21 23:40:00,0.80527,0.80534,0.80491,0.80493,397.0,24.0,0.0
2026-04-21 23:45:00,0.80493,0.80493,0.80468,0.80489,281.0,24.0,0.0
2026-04-21 23:50:00,0.80492,0.80513,0.80481,0.80504,204.0,24.0,0.0
2026-04-21 23:55:00,0.80503,0.80522,0.80486,0.805,390.0,24.0,0.0
2026-04-22 00:00:00,0.80582,0.80585,0.80465,0.80501,24.0,79.0,0.0
2026-04-22 00:05:00,0.80539,0.80601,0.80365,0.80483,214.0,79.0,0.0
2026-04-22 00:10:00,0.80481,0.80484,0.80461,0.80465,39.0,79.0,0.0
2026-04-22 00:15:00,0.80466,0.80466,0.80374,0.80389,340.0,79.0,0.0
2026-04-22 00:20:00,0.80381,0.80415,0.80381,0.804,85.0,79.0,0.0
2026-04-22 00:25:00,0.80402,0.8041,0.80394,0.80408,30.0,79.0,0.0
2026-04-22 00:30:00,0.80406,0.80417,0.8039,0.80408,96.0,79.0,0.0
2026-04-22 00:35:00,0.80409,0.80471,0.80409,0.80459,143.0,79.0,0.0
2026-04-22 00:40:00,0.80459,0.80481,0.80459,0.80476,61.0,79.0,0.0
2026-04-22 00:45:00,0.80473,0.80477,0.80449,0.80458,79.0,79.0,0.0
2026-04-22 00:50:00,0.80457,0.80462,0.80452,0.80453,42.0,79.0,0.0
2026-04-22 00:55:00,0.80454,0.80468,0.80431,0.80462,140.0,79.0,0.0
2026-04-22 01:00:00,0.80458,0.80512,0.80458,0.805,150.0,16.0,0.0
2026-04-22 01:05:00,0.805,0.80515,0.805,0.80509,52.0,15.0,0.0
2026-04-22 01:10:00,0.80507,0.80521,0.80506,0.80514,127.0,14.0,0.0
2026-04-22 01:15:00,0.80513,0.8054,0.80507,0.80533,119.0,14.0,0.0
2026-04-22 01:20:00,0.80531,0.80535,0.80529,0.80535,66.0,14.0,0.0
2026-04-22 01:25:00,0.80533,0.80535,0.80516,0.80519,85.0,13.0,0.0
2026-04-22 01:30:00,0.8052,0.80526,0.80511,0.80517,156.0,15.0,0.0
2026-04-22 01:35:00,0.80516,0.80523,0.80513,0.80513,160.0,15.0,0.0
2026-04-22 01:40:00,0.80513,0.80517,0.80505,0.80506,145.0,15.0,0.0
2026-04-22 01:45:00,0.80507,0.80507,0.8049,0.80502,75.0,14.0,0.0
2026-04-22 01:50:00,0.80503,0.80517,0.80498,0.80512,93.0,13.0,0.0
2026-04-22 01:55:00,0.80513,0.8052,0.80504,0.8051,215.0,16.0,0.0
2026-04-22 02:00:00,0.80512,0.80522,0.80509,0.80513,246.0,14.0,0.0
2026-04-22 02:05:00,0.80512,0.80527,0.80507,0.80525,70.0,15.0,0.0
2026-04-22 02:10:00,0.80527,0.80528,0.80515,0.80518,75.0,12.0,0.0
2026-04-22 02:15:00,0.80518,0.80531,0.8051,0.80529,70.0,12.0,0.0
2026-04-22 02:20:00,0.80531,0.80537,0.80526,0.80536,50.0,12.0,0.0
2026-04-22 02:25:00,0.80536,0.80537,0.80524,0.80531,41.0,12.0,0.0
2026-04-22 02:30:00,0.80532,0.80535,0.80518,0.80529,92.0,12.0,0.0
2026-04-22 02:35:00,0.80529,0.8053,0.80514,0.80522,156.0,12.0,0.0
2026-04-22 02:40:00,0.80521,0.80534,0.8052,0.80534,82.0,15.0,0.0
2026-04-22 02:45:00,0.80533,0.8054,0.80526,0.80538,177.0,14.0,0.0
2026-04-22 02:50:00,0.80537,0.80552,0.80532,0.8055,168.0,15.0,0.0
2026-04-22 02:55:00,0.80548,0.80552,0.8053,0.80539,274.0,17.0,0.0
2026-04-22 03:00:00,0.80537,0.80578,0.80536,0.80574,473.0,17.0,0.0
2026-04-22 03:05:00,0.80576,0.80624,0.80572,0.80618,430.0,18.0,0.0
2026-04-22 03:10:00,0.80619,0.80652,0.80619,0.8062,356.0,18.0,0.0
2026-04-22 03:15:00,0.80619,0.8065,0.80613,0.80639,425.0,17.0,0.0
2026-04-22 03:20:00,0.80637,0.80654,0.80632,0.80633,296.0,15.0,0.0
2026-04-22 03:25:00,0.80635,0.80635,0.80605,0.80611,396.0,13.0,0.0
2026-04-22 03:30:00,0.80612,0.80642,0.80609,0.80633,349.0,13.0,0.0
2026-04-22 03:35:00,0.80631,0.80646,0.80626,0.80628,306.0,12.0,0.0
2026-04-22 03:40:00,0.80627,0.80658,0.80627,0.80658,229.0,12.0,0.0
2026-04-22 03:45:00,0.80656,0.80669,0.80648,0.80656,284.0,11.0,0.0
2026-04-22 03:50:00,0.80658,0.80665,0.80642,0.80659,402.0,13.0,0.0
2026-04-22 03:55:00,0.8066,0.80665,0.80633,0.80637,397.0,13.0,0.0
2026-04-22 04:00:00,0.80636,0.80675,0.80635,0.80646,433.0,14.0,0.0
2026-04-22 04:05:00,0.80647,0.80659,0.80629,0.80635,308.0,15.0,0.0
2026-04-22 04:10:00,0.80634,0.80644,0.80622,0.80632,246.0,13.0,0.0
2026-04-22 04:15:00,0.80631,0.80647,0.80626,0.80634,278.0,12.0,0.0
2026-04-22 04:20:00,0.80635,0.80668,0.80628,0.80657,296.0,11.0,0.0
2026-04-22 04:25:00,0.80656,0.80663,0.80641,0.80652,324.0,11.0,0.0
2026-04-22 04:30:00,0.80652,0.80677,0.8065,0.80677,423.0,12.0,0.0
2026-04-22 04:35:00,0.80676,0.8069,0.80664,0.80677,311.0,15.0,0.0
2026-04-22 04:40:00,0.80677,0.80686,0.80642,0.80644,307.0,14.0,0.0
2026-04-22 04:45:00,0.80646,0.80665,0.80632,0.80665,332.0,11.0,0.0
2026-04-22 04:50:00,0.80664,0.80672,0.80653,0.80655,314.0,11.0,0.0
2026-04-22 04:55:00,0.80654,0.80656,0.80643,0.80653,316.0,11.0,0.0
2026-04-22 05:00:00,0.80653,0.80676,0.80653,0.8066,416.0,11.0,0.0
2026-04-22 05:05:00,0.80661,0.80678,0.80661,0.80674,289.0,12.0,0.0
2026-04-22 05:10:00,0.80676,0.80695,0.80676,0.8069,203.0,11.0,0.0
2026-04-22 05:15:00,0.8069,0.80692,0.80675,0.8068,223.0,11.0,0.0
2026-04-22 05:20:00,0.8068,0.80687,0.80674,0.80675,164.0,11.0,0.0
2026-04-22 05:25:00,0.80675,0.80687,0.80669,0.80683,256.0,11.0,0.0
2026-04-22 05:30:00,0.80684,0.8069,0.80665,0.80675,223.0,15.0,0.0
2026-04-22 05:35:00,0.80676,0.80686,0.80671,0.80671,211.0,13.0,0.0
2026-04-22 05:40:00,0.80672,0.80675,0.80664,0.80671,211.0,12.0,0.0
2026-04-22 05:45:00,0.80671,0.80687,0.80656,0.80658,231.0,12.0,0.0
2026-04-22 05:50:00,0.80656,0.80667,0.80652,0.80656,218.0,14.0,0.0
2026-04-22 05:55:00,0.80655,0.80657,0.80636,0.80639,232.0,12.0,0.0
2026-04-22 06:00:00,0.80639,0.80658,0.80604,0.80655,348.0,12.0,0.0
2026-04-22 06:05:00,0.80653,0.80672,0.80647,0.80662,171.0,13.0,0.0
2026-04-22 06:10:00,0.80661,0.80664,0.80644,0.80645,174.0,11.0,0.0
2026-04-22 06:15:00,0.80646,0.80652,0.80638,0.80649,229.0,11.0,0.0
2026-04-22 06:20:00,0.80648,0.80658,0.80638,0.80642,217.0,11.0,0.0
2026-04-22 06:25:00,0.80642,0.80654,0.80636,0.80651,179.0,11.0,0.0
2026-04-22 06:30:00,0.8065,0.80674,0.80649,0.80667,219.0,11.0,0.0
2026-04-22 06:35:00,0.80666,0.80674,0.80662,0.80663,144.0,11.0,0.0
2026-04-22 06:40:00,0.80662,0.80667,0.80655,0.80659,161.0,11.0,0.0
2026-04-22 06:45:00,0.8066,0.8067,0.80658,0.80666,141.0,11.0,0.0
2026-04-22 06:50:00,0.80664,0.80671,0.80655,0.80659,149.0,11.0,0.0
2026-04-22 06:55:00,0.8066,0.8067,0.80653,0.80662,214.0,12.0,0.0
2026-04-22 07:00:00,0.80663,0.80682,0.8066,0.80681,205.0,13.0,0.0
2026-04-22 07:05:00,0.80683,0.80683,0.80665,0.80668,179.0,12.0,0.0
2026-04-22 07:10:00,0.80667,0.8069,0.80667,0.8068,173.0,11.0,0.0
2026-04-22 07:15:00,0.80678,0.80685,0.80673,0.80677,201.0,12.0,0.0
2026-04-22 07:20:00,0.80678,0.80683,0.80668,0.80679,150.0,11.0,0.0
2026-04-22 07:25:00,0.80678,0.80691,0.80675,0.80676,177.0,11.0,0.0
2026-04-22 07:30:00,0.80678,0.80681,0.80663,0.80665,185.0,11.0,0.0
2026-04-22 07:35:00,0.80664,0.8068,0.80664,0.80674,189.0,11.0,0.0
2026-04-22 07:40:00,0.80673,0.80683,0.80669,0.80678,167.0,11.0,0.0
2026-04-22 07:45:00,0.80679,0.80685,0.80666,0.80672,161.0,11.0,0.0
2026-04-22 07:50:00,0.80675,0.80678,0.80635,0.80641,187.0,11.0,0.0
2026-04-22 07:55:00,0.80639,0.80639,0.8062,0.80635,180.0,14.0,0.0
2026-04-22 08:00:00,0.80634,0.80647,0.8063,0.80641,284.0,12.0,0.0
2026-04-22 08:05:00,0.8064,0.80671,0.80631,0.80669,253.0,13.0,0.0
2026-04-22 08:10:00,0.80667,0.80686,0.80662,0.80676,211.0,12.0,0.0
2026-04-22 08:15:00,0.80674,0.80775,0.80671,0.80767,1098.0,11.0,0.0
2026-04-22 08:20:00,0.80769,0.80797,0.80735,0.80743,703.0,16.0,0.0
2026-04-22 08:25:00,0.80741,0.80766,0.80728,0.8074,554.0,14.0,0.0
2026-04-22 08:30:00,0.8074,0.80752,0.80711,0.80736,477.0,13.0,0.0
2026-04-22 08:35:00,0.80737,0.8076,0.80732,0.8075,315.0,13.0,0.0
2026-04-22 08:40:00,0.80751,0.80767,0.80739,0.80762,359.0,12.0,0.0
2026-04-22 08:45:00,0.80758,0.80773,0.80755,0.80758,296.0,12.0,0.0
2026-04-22 08:50:00,0.80755,0.80765,0.80752,0.80759,209.0,12.0,0.0
2026-04-22 08:55:00,0.80758,0.80766,0.80753,0.80755,201.0,13.0,0.0
2026-04-22 09:00:00,0.80756,0.80789,0.80739,0.80766,1324.0,12.0,0.0
2026-04-22 09:05:00,0.80767,0.80782,0.80764,0.80777,362.0,11.0,0.0
2026-04-22 09:10:00,0.80775,0.80788,0.80768,0.80788,266.0,11.0,0.0
2026-04-22 09:15:00,0.80788,0.80809,0.80776,0.80786,295.0,11.0,0.0
2026-04-22 09:20:00,0.80788,0.80791,0.80766,0.8077,273.0,11.0,0.0
2026-04-22 09:25:00,0.80768,0.80788,0.80765,0.80778,261.0,11.0,0.0
2026-04-22 09:30:00,0.80779,0.80791,0.80774,0.80781,363.0,13.0,0.0
2026-04-22 09:35:00,0.80782,0.80798,0.80771,0.80783,290.0,11.0,0.0
2026-04-22 09:40:00,0.80784,0.80793,0.80778,0.8079,285.0,11.0,0.0
2026-04-22 09:45:00,0.80791,0.80803,0.80786,0.808,298.0,11.0,0.0
2026-04-22 09:50:00,0.80798,0.80812,0.80796,0.80798,245.0,11.0,0.0
2026-04-22 09:55:00,0.80798,0.80798,0.80778,0.80778,245.0,11.0,0.0
2026-04-22 10:00:00,0.80781,0.80806,0.80777,0.80804,406.0,13.0,0.0
2026-04-22 10:05:00,0.80803,0.80809,0.8079,0.80803,260.0,9.0,0.0
2026-04-22 10:10:00,0.80803,0.80807,0.80787,0.80792,261.0,9.0,0.0
2026-04-22 10:15:00,0.8079,0.8079,0.8074,0.80746,365.0,11.0,0.0
2026-04-22 10:20:00,0.80745,0.80764,0.80736,0.80745,362.0,10.0,0.0
2026-04-22 10:25:00,0.80744,0.80761,0.80739,0.80747,314.0,9.0,0.0
2026-04-22 10:30:00,0.80746,0.80758,0.80738,0.80743,333.0,9.0,0.0
2026-04-22 10:35:00,0.80743,0.80767,0.80742,0.8076,268.0,9.0,0.0
2026-04-22 10:40:00,0.80759,0.80775,0.80753,0.80775,376.0,9.0,0.0
2026-04-22 10:45:00,0.80776,0.80792,0.80755,0.80789,326.0,10.0,0.0
2026-04-22 10:50:00,0.80789,0.80795,0.80777,0.80783,287.0,9.0,0.0
2026-04-22 10:55:00,0.80781,0.80822,0.80781,0.80816,394.0,10.0,0.0
2026-04-22 11:00:00,0.80814,0.80832,0.8078,0.80783,402.0,10.0,0.0
2026-04-22 11:05:00,0.80784,0.80796,0.80772,0.80779,349.0,9.0,0.0
2026-04-22 11:10:00,0.80778,0.80816,0.80777,0.80801,308.0,9.0,0.0
2026-04-22 11:15:00,0.80802,0.80806,0.80784,0.80788,324.0,9.0,0.0
2026-04-22 11:20:00,0.80786,0.80786,0.80742,0.80744,336.0,10.0,0.0
2026-04-22 11:25:00,0.80745,0.8076,0.80734,0.80746,427.0,9.0,0.0
2026-04-22 11:30:00,0.80745,0.8076,0.80711,0.80718,501.0,9.0,0.0
2026-04-22 11:35:00,0.80718,0.80731,0.80706,0.80713,408.0,9.0,0.0
2026-04-22 11:40:00,0.80712,0.80738,0.80705,0.80736,273.0,9.0,0.0
2026-04-22 11:45:00,0.80737,0.80745,0.80719,0.80725,358.0,9.0,0.0
2026-04-22 11:50:00,0.80723,0.80752,0.80719,0.8075,268.0,9.0,0.0
2026-04-22 11:55:00,0.8075,0.80759,0.80737,0.80743,271.0,9.0,0.0
2026-04-22 12:00:00,0.80741,0.80757,0.80726,0.8073,501.0,10.0,0.0
2026-04-22 12:05:00,0.8073,0.80755,0.80728,0.80747,340.0,11.0,0.0
2026-04-22 12:10:00,0.80746,0.80769,0.80746,0.8076,305.0,9.0,0.0
2026-04-22 12:15:00,0.80761,0.80766,0.80743,0.80748,246.0,9.0,0.0
2026-04-22 12:20:00,0.80746,0.8076,0.80717,0.80731,328.0,9.0,0.0
2026-04-22 12:25:00,0.80732,0.80749,0.80729,0.80748,339.0,9.0,0.0
2026-04-22 12:30:00,0.80749,0.80761,0.80743,0.80761,248.0,9.0,0.0
2026-04-22 12:35:00,0.80762,0.80768,0.80756,0.80759,220.0,9.0,0.0
2026-04-22 12:40:00,0.80758,0.80773,0.80754,0.80772,197.0,9.0,0.0
2026-04-22 12:45:00,0.80772,0.80774,0.80754,0.8076,287.0,9.0,0.0
2026-04-22 12:50:00,0.80761,0.80764,0.80724,0.80736,302.0,9.0,0.0
2026-04-22 12:55:00,0.80735,0.80738,0.80699,0.80707,481.0,12.0,0.0
2026-04-22 13:00:00,0.80708,0.8072,0.80663,0.80686,427.0,12.0,0.0
2026-04-22 13:05:00,0.80688,0.8071,0.80668,0.80683,355.0,10.0,0.0
2026-04-22 13:10:00,0.80684,0.80694,0.80665,0.80681,365.0,9.0,0.0
2026-04-22 13:15:00,0.8068,0.80698,0.8068,0.80694,314.0,9.0,0.0
2026-04-22 13:20:00,0.80696,0.80705,0.80676,0.80687,303.0,9.0,0.0
2026-04-22 13:25:00,0.80687,0.80711,0.80687,0.80705,306.0,10.0,0.0
2026-04-22 13:30:00,0.80705,0.80733,0.80705,0.8073,266.0,11.0,0.0
2026-04-22 13:35:00,0.80729,0.80749,0.80729,0.8073,278.0,9.0,0.0
2026-04-22 13:40:00,0.80728,0.80731,0.80683,0.80687,326.0,9.0,0.0
2026-04-22 13:45:00,0.80687,0.80699,0.80683,0.80696,318.0,9.0,0.0
2026-04-22 13:50:00,0.80697,0.80718,0.80694,0.80716,273.0,9.0,0.0
2026-04-22 13:55:00,0.80715,0.80719,0.8071,0.80715,270.0,9.0,0.0
2026-04-22 14:00:00,0.80714,0.80715,0.80686,0.80699,327.0,8.0,0.0
2026-04-22 14:05:00,0.807,0.80712,0.80697,0.80698,280.0,8.0,0.0
2026-04-22 14:10:00,0.807,0.80706,0.80691,0.80699,300.0,8.0,0.0
2026-04-22 14:15:00,0.80698,0.80724,0.80697,0.80719,346.0,8.0,0.0
2026-04-22 14:20:00,0.80722,0.80733,0.8071,0.80714,329.0,8.0,0.0
2026-04-22 14:25:00,0.80714,0.80728,0.80692,0.80695,309.0,8.0,0.0
2026-04-22 14:30:00,0.80697,0.80708,0.8069,0.80705,337.0,8.0,0.0
2026-04-22 14:35:00,0.80706,0.80714,0.80682,0.80685,345.0,8.0,0.0
2026-04-22 14:40:00,0.80684,0.8069,0.80671,0.8068,392.0,8.0,0.0
2026-04-22 14:45:00,0.80681,0.80715,0.80681,0.80705,365.0,8.0,0.0
2026-04-22 14:50:00,0.80705,0.8071,0.80693,0.80696,346.0,8.0,0.0
2026-04-22 14:55:00,0.80694,0.80702,0.80671,0.80693,367.0,8.0,0.0
2026-04-22 15:00:00,0.80692,0.80738,0.8069,0.80728,425.0,8.0,0.0
2026-04-22 15:05:00,0.8073,0.8073,0.80695,0.80704,371.0,8.0,0.0
2026-04-22 15:10:00,0.80704,0.80707,0.80693,0.80699,407.0,8.0,0.0
2026-04-22 15:15:00,0.80701,0.80712,0.8069,0.80709,305.0,8.0,0.0
2026-04-22 15:20:00,0.80709,0.80733,0.807,0.80723,313.0,8.0,0.0
2026-04-22 15:25:00,0.80723,0.80737,0.80673,0.80681,528.0,8.0,0.0
2026-04-22 15:30:00,0.8068,0.80684,0.80666,0.80678,553.0,8.0,0.0
2026-04-22 15:35:00,0.80678,0.80678,0.80641,0.80651,512.0,8.0,0.0
2026-04-22 15:40:00,0.80652,0.80657,0.80628,0.8063,435.0,8.0,0.0
2026-04-22 15:45:00,0.8063,0.80658,0.80625,0.80651,408.0,8.0,0.0
2026-04-22 15:50:00,0.80651,0.80657,0.80629,0.80655,453.0,8.0,0.0
2026-04-22 15:55:00,0.80657,0.80663,0.80624,0.80633,480.0,8.0,0.0
2026-04-22 16:00:00,0.80634,0.80638,0.80613,0.80631,571.0,8.0,0.0
2026-04-22 16:05:00,0.80629,0.80672,0.80607,0.80641,722.0,8.0,0.0
2026-04-22 16:10:00,0.80638,0.80639,0.80622,0.80628,462.0,9.0,0.0
2026-04-22 16:15:00,0.80629,0.80674,0.80622,0.80668,626.0,8.0,0.0
2026-04-22 16:20:00,0.80668,0.80702,0.80664,0.80696,1030.0,8.0,0.0
2026-04-22 16:25:00,0.80698,0.80716,0.80687,0.80712,460.0,8.0,0.0
2026-04-22 16:30:00,0.80711,0.80722,0.8069,0.80705,776.0,11.0,0.0
2026-04-22 16:35:00,0.80704,0.80747,0.807,0.80726,762.0,11.0,0.0
2026-04-22 16:40:00,0.80728,0.80755,0.80717,0.80743,706.0,11.0,0.0
2026-04-22 16:45:00,0.80744,0.80766,0.80739,0.8076,812.0,11.0,0.0
2026-04-22 16:50:00,0.80758,0.80767,0.80735,0.80748,653.0,11.0,0.0
2026-04-22 16:55:00,0.80749,0.8077,0.80737,0.80768,614.0,11.0,0.0
2026-04-22 17:00:00,0.8077,0.80795,0.80766,0.80774,511.0,11.0,0.0
2026-04-22 17:05:00,0.80776,0.80776,0.80743,0.80762,465.0,11.0,0.0
2026-04-22 17:10:00,0.80761,0.80775,0.80737,0.80764,446.0,11.0,0.0
2026-04-22 17:15:00,0.80763,0.8078,0.80761,0.80775,463.0,11.0,0.0
2026-04-22 17:20:00,0.80775,0.80796,0.80766,0.80784,516.0,11.0,0.0
2026-04-22 17:25:00,0.80782,0.80797,0.80768,0.80793,506.0,11.0,0.0
2026-04-22 17:30:00,0.80794,0.80796,0.80737,0.80784,843.0,12.0,0.0
2026-04-22 17:35:00,0.80784,0.80794,0.80765,0.80771,579.0,11.0,0.0
2026-04-22 17:40:00,0.80771,0.80778,0.80722,0.80726,606.0,11.0,0.0
2026-04-22 17:45:00,0.80725,0.80744,0.80721,0.80729,465.0,11.0,0.0
2026-04-22 17:50:00,0.8073,0.80749,0.80717,0.80748,574.0,11.0,0.0
2026-04-22 17:55:00,0.80748,0.80761,0.80725,0.80752,729.0,11.0,0.0
2026-04-22 18:00:00,0.80752,0.80754,0.80713,0.8072,876.0,11.0,0.0
2026-04-22 18:05:00,0.80718,0.80748,0.80714,0.80742,677.0,11.0,0.0
2026-04-22 18:10:00,0.80743,0.80759,0.80728,0.80736,520.0,11.0,0.0
2026-04-22 18:15:00,0.80736,0.80737,0.80716,0.80733,487.0,11.0,0.0
2026-04-22 18:20:00,0.80732,0.80741,0.80726,0.8073,378.0,11.0,0.0
2026-04-22 18:25:00,0.80729,0.80745,0.80718,0.8074,406.0,11.0,0.0
2026-04-22 18:30:00,0.80741,0.80749,0.80726,0.80742,496.0,11.0,0.0
2026-04-22 18:35:00,0.80745,0.80748,0.80722,0.80734,478.0,11.0,0.0
2026-04-22 18:40:00,0.80735,0.80735,0.80708,0.8071,525.0,11.0,0.0
2026-04-22 18:45:00,0.80711,0.8072,0.80694,0.80713,494.0,11.0,0.0
2026-04-22 18:50:00,0.80714,0.80722,0.80706,0.80712,403.0,11.0,0.0
2026-04-22 18:55:00,0.80711,0.80727,0.807,0.80712,508.0,11.0,0.0
2026-04-22 19:00:00,0.80716,0.8072,0.807,0.807,557.0,15.0,0.0
2026-04-22 19:05:00,0.80701,0.80713,0.80691,0.80696,420.0,15.0,0.0
2026-04-22 19:10:00,0.80697,0.80701,0.80671,0.80673,388.0,13.0,0.0
2026-04-22 19:15:00,0.80673,0.80678,0.80643,0.80647,405.0,13.0,0.0
2026-04-22 19:20:00,0.80646,0.8067,0.80641,0.80664,335.0,13.0,0.0
2026-04-22 19:25:00,0.80664,0.80667,0.80655,0.80661,378.0,13.0,0.0
2026-04-22 19:30:00,0.8066,0.8066,0.80644,0.80655,324.0,13.0,0.0
2026-04-22 19:35:00,0.80655,0.8066,0.80638,0.80651,342.0,13.0,0.0
2026-04-22 19:40:00,0.80652,0.80657,0.80636,0.80642,443.0,13.0,0.0
2026-04-22 19:45:00,0.80641,0.8066,0.80635,0.80658,362.0,15.0,0.0
2026-04-22 19:50:00,0.80657,0.80662,0.80644,0.8066,327.0,11.0,0.0
2026-04-22 19:55:00,0.8066,0.80666,0.80638,0.80647,389.0,11.0,0.0
2026-04-22 20:00:00,0.80648,0.80677,0.8063,0.80667,741.0,14.0,0.0
2026-04-22 20:05:00,0.80666,0.80682,0.80661,0.80677,382.0,11.0,0.0
2026-04-22 20:10:00,0.80679,0.80703,0.80672,0.80677,437.0,12.0,0.0
2026-04-22 20:15:00,0.80677,0.8069,0.80672,0.80679,296.0,11.0,0.0
2026-04-22 20:20:00,0.8068,0.80707,0.80679,0.80702,382.0,11.0,0.0
2026-04-22 20:25:00,0.80702,0.80704,0.80688,0.80697,396.0,11.0,0.0
2026-04-22 20:30:00,0.80699,0.8071,0.80692,0.80702,364.0,11.0,0.0
2026-04-22 20:35:00,0.80704,0.80708,0.80685,0.80695,322.0,11.0,0.0
2026-04-22 20:40:00,0.80694,0.80699,0.80689,0.80698,268.0,11.0,0.0
2026-04-22 20:45:00,0.80699,0.807,0.80675,0.8069,416.0,11.0,0.0
2026-04-22 20:50:00,0.80689,0.80711,0.80686,0.80706,265.0,11.0,0.0
2026-04-22 20:55:00,0.80706,0.8072,0.80706,0.80711,406.0,11.0,0.0
2026-04-22 21:00:00,0.80712,0.80726,0.80702,0.80718,363.0,13.0,0.0
2026-04-22 21:05:00,0.80717,0.80722,0.80706,0.8072,333.0,13.0,0.0
2026-04-22 21:10:00,0.80719,0.80721,0.80708,0.80711,323.0,13.0,0.0
2026-04-22 21:15:00,0.80712,0.80712,0.807,0.80706,229.0,13.0,0.0
2026-04-22 21:20:00,0.80708,0.80709,0.80692,0.80701,269.0,13.0,0.0
2026-04-22 21:25:00,0.80702,0.80707,0.80692,0.80699,231.0,15.0,0.0
2026-04-22 21:30:00,0.80697,0.80707,0.80695,0.80704,231.0,14.0,0.0
2026-04-22 21:35:00,0.80705,0.8071,0.80698,0.80707,208.0,14.0,0.0
2026-04-22 21:40:00,0.80708,0.8072,0.80706,0.8072,152.0,13.0,0.0
2026-04-22 21:45:00,0.80719,0.8072,0.8071,0.80718,212.0,13.0,0.0
2026-04-22 21:50:00,0.80717,0.80725,0.80708,0.80709,138.0,13.0,0.0
2026-04-22 21:55:00,0.80708,0.80713,0.8069,0.80692,231.0,13.0,0.0
2026-04-22 22:00:00,0.80678,0.80693,0.80665,0.80692,503.0,17.0,0.0
2026-04-22 22:05:00,0.80693,0.80709,0.80688,0.80696,230.0,16.0,0.0
2026-04-22 22:10:00,0.80695,0.80698,0.80677,0.80679,269.0,13.0,0.0
2026-04-22 22:15:00,0.8068,0.80701,0.80674,0.80699,320.0,13.0,0.0
2026-04-22 22:20:00,0.80699,0.80713,0.80697,0.80709,249.0,13.0,0.0
2026-04-22 22:25:00,0.80708,0.80717,0.80707,0.80713,295.0,13.0,0.0
2026-04-22 22:30:00,0.80711,0.80715,0.80703,0.8071,274.0,13.0,0.0
2026-04-22 22:35:00,0.80712,0.80717,0.80704,0.80716,221.0,13.0,0.0
2026-04-22 22:40:00,0.80715,0.80718,0.80706,0.80709,231.0,13.0,0.0
2026-04-22 22:45:00,0.80708,0.80712,0.80701,0.80709,271.0,13.0,0.0
2026-04-22 22:50:00,0.80709,0.80718,0.80699,0.80715,335.0,13.0,0.0
2026-04-22 22:55:00,0.80716,0.80727,0.80702,0.8071,471.0,17.0,0.0
2026-04-22 23:00:00,0.80711,0.80722,0.80694,0.80699,383.0,15.0,0.0
2026-04-22 23:05:00,0.80699,0.80704,0.8069,0.8069,209.0,11.0,0.0
2026-04-22 23:10:00,0.8069,0.80701,0.80683,0.80694,157.0,11.0,0.0
2026-04-22 23:15:00,0.80693,0.80702,0.80681,0.8069,197.0,11.0,0.0
2026-04-22 23:20:00,0.8069,0.80714,0.80689,0.80705,334.0,11.0,0.0
2026-04-22 23:25:00,0.80704,0.80709,0.80698,0.80704,164.0,11.0,0.0
2026-04-22 23:30:00,0.80705,0.80716,0.807,0.80711,249.0,11.0,0.0
2026-04-22 23:35:00,0.8071,0.80727,0.80694,0.80702,263.0,12.0,0.0
2026-04-22 23:40:00,0.80698,0.8071,0.80697,0.80706,118.0,24.0,0.0
2026-04-22 23:45:00,0.80706,0.80723,0.80705,0.80717,134.0,24.0,0.0
2026-04-22 23:50:00,0.80717,0.80717,0.80704,0.80704,151.0,24.0,0.0
2026-04-22 23:55:00,0.80704,0.80718,0.80677,0.80677,337.0,24.0,0.0
2026-04-23 00:00:00,0.80707,0.80809,0.80701,0.80765,26.0,100.0,0.0
2026-04-23 00:05:00,0.80827,0.80827,0.80713,0.80729,581.0,100.0,0.0
2026-04-23 00:10:00,0.80724,0.8073,0.80704,0.80705,104.0,100.0,0.0
2026-04-23 00:15:00,0.80706,0.80748,0.80701,0.8071,57.0,79.0,0.0
2026-04-23 00:20:00,0.80702,0.80708,0.80688,0.80708,19.0,85.0,0.0
2026-04-23 00:25:00,0.80697,0.80718,0.80694,0.80715,24.0,82.0,0.0
2026-04-23 00:30:00,0.80719,0.80724,0.80707,0.80718,56.0,79.0,0.0
2026-04-23 00:35:00,0.8072,0.8072,0.80629,0.80659,279.0,79.0,0.0
2026-04-23 00:40:00,0.80662,0.80705,0.80659,0.80692,132.0,79.0,0.0
2026-04-23 00:45:00,0.80691,0.80708,0.80682,0.80703,216.0,100.0,0.0
2026-04-23 00:50:00,0.80702,0.80706,0.80699,0.80702,204.0,100.0,0.0
2026-04-23 00:55:00,0.80703,0.80707,0.80663,0.80663,161.0,88.0,0.0
2026-04-23 01:00:00,0.8067,0.80721,0.80651,0.80666,172.0,16.0,0.0
2026-04-23 01:05:00,0.80667,0.80704,0.80665,0.80698,101.0,14.0,0.0
2026-04-23 01:10:00,0.80697,0.807,0.80691,0.80699,64.0,14.0,0.0
2026-04-23 01:15:00,0.80698,0.80705,0.80695,0.80699,55.0,14.0,0.0
2026-04-23 01:20:00,0.807,0.80702,0.80693,0.80699,63.0,14.0,0.0
2026-04-23 01:25:00,0.80697,0.80705,0.80692,0.80694,89.0,14.0,0.0
2026-04-23 01:30:00,0.80692,0.80693,0.80682,0.80685,110.0,15.0,0.0
2026-04-23 01:35:00,0.80687,0.80692,0.80683,0.80692,69.0,16.0,0.0
2026-04-23 01:40:00,0.80696,0.80699,0.80686,0.8069,85.0,16.0,0.0
2026-04-23 01:45:00,0.80688,0.80698,0.80685,0.80696,80.0,14.0,0.0
2026-04-23 01:50:00,0.80698,0.807,0.80692,0.80699,71.0,15.0,0.0
2026-04-23 01:55:00,0.807,0.80701,0.80689,0.80692,125.0,14.0,0.0
2026-04-23 02:00:00,0.80693,0.80703,0.80688,0.80696,191.0,15.0,0.0
2026-04-23 02:05:00,0.80698,0.807,0.80695,0.80698,47.0,14.0,0.0
2026-04-23 02:10:00,0.80699,0.807,0.80691,0.80695,86.0,14.0,0.0
2026-04-23 02:15:00,0.80694,0.80705,0.80693,0.80705,56.0,14.0,0.0
2026-04-23 02:20:00,0.80704,0.80705,0.80701,0.80701,35.0,12.0,0.0
2026-04-23 02:25:00,0.80703,0.80706,0.80701,0.80706,43.0,12.0,0.0
2026-04-23 02:30:00,0.80704,0.80706,0.80695,0.80705,77.0,12.0,0.0
2026-04-23 02:35:00,0.80706,0.80711,0.80705,0.80707,58.0,15.0,0.0
2026-04-23 02:40:00,0.80705,0.80707,0.80695,0.80696,65.0,17.0,0.0
2026-04-23 02:45:00,0.80695,0.80704,0.80695,0.80703,116.0,14.0,0.0
2026-04-23 02:50:00,0.80701,0.80704,0.80688,0.80693,130.0,13.0,0.0
2026-04-23 02:55:00,0.80692,0.80705,0.80689,0.80702,145.0,18.0,0.0
2026-04-23 03:00:00,0.80703,0.80718,0.80683,0.80706,466.0,19.0,0.0
2026-04-23 03:05:00,0.80705,0.80727,0.80695,0.80696,474.0,19.0,0.0
2026-04-23 03:10:00,0.80695,0.80701,0.80599,0.806,1112.0,19.0,0.0
2026-04-23 03:15:00,0.80601,0.80714,0.8052,0.80697,2175.0,19.0,0.0
2026-04-23 03:20:00,0.807,0.80732,0.80684,0.80688,1390.0,19.0,0.0
2026-04-23 03:25:00,0.80689,0.8072,0.80682,0.80705,798.0,15.0,0.0
2026-04-23 03:30:00,0.80704,0.80743,0.80697,0.80733,754.0,14.0,0.0
2026-04-23 03:35:00,0.80731,0.80738,0.80713,0.80729,439.0,13.0,0.0
2026-04-23 03:40:00,0.8073,0.80733,0.80706,0.80715,434.0,12.0,0.0
2026-04-23 03:45:00,0.80717,0.80737,0.8071,0.80713,599.0,13.0,0.0
2026-04-23 03:50:00,0.80714,0.80717,0.80683,0.80707,639.0,12.0,0.0
2026-04-23 03:55:00,0.80707,0.80716,0.80693,0.80706,552.0,12.0,0.0
2026-04-23 04:00:00,0.80708,0.80716,0.80694,0.80699,555.0,13.0,0.0
2026-04-23 04:05:00,0.80699,0.80706,0.80689,0.80704,585.0,13.0,0.0
2026-04-23 04:10:00,0.80703,0.8071,0.80677,0.8068,369.0,13.0,0.0
2026-04-23 04:15:00,0.80681,0.80692,0.80675,0.80685,369.0,12.0,0.0
2026-04-23 04:20:00,0.80686,0.8069,0.80676,0.80683,357.0,12.0,0.0
2026-04-23 04:25:00,0.80682,0.80699,0.80662,0.80665,368.0,12.0,0.0
2026-04-23 04:30:00,0.80666,0.80687,0.80645,0.80652,512.0,14.0,0.0
2026-04-23 04:35:00,0.80653,0.80657,0.80618,0.80634,388.0,15.0,0.0
2026-04-23 04:40:00,0.80632,0.80659,0.80632,0.80652,381.0,15.0,0.0
2026-04-23 04:45:00,0.80654,0.80663,0.80633,0.80644,452.0,14.0,0.0
2026-04-23 04:50:00,0.80644,0.80657,0.80634,0.80637,591.0,14.0,0.0
2026-04-23 04:55:00,0.80639,0.80662,0.80632,0.80636,501.0,15.0,0.0
2026-04-23 05:00:00,0.80636,0.8064,0.80609,0.8061,405.0,12.0,0.0
2026-04-23 05:05:00,0.80611,0.80621,0.80605,0.80614,351.0,12.0,0.0
2026-04-23 05:10:00,0.80615,0.80623,0.80582,0.80582,382.0,11.0,0.0
2026-04-23 05:15:00,0.80582,0.80604,0.80558,0.80599,539.0,16.0,0.0
2026-04-23 05:20:00,0.80601,0.80633,0.80596,0.80603,535.0,16.0,0.0
2026-04-23 05:25:00,0.80602,0.80627,0.80601,0.80607,483.0,12.0,0.0
2026-04-23 05:30:00,0.80606,0.80619,0.80594,0.80615,501.0,13.0,0.0
2026-04-23 05:35:00,0.80614,0.80626,0.80605,0.80613,375.0,11.0,0.0
2026-04-23 05:40:00,0.80612,0.80621,0.80606,0.80618,451.0,11.0,0.0
2026-04-23 05:45:00,0.80617,0.80629,0.80604,0.80605,326.0,12.0,0.0
2026-04-23 05:50:00,0.80605,0.80605,0.80564,0.80567,415.0,12.0,0.0
2026-04-23 05:55:00,0.80566,0.80566,0.80514,0.80521,632.0,16.0,0.0
2026-04-23 06:00:00,0.80522,0.80538,0.80498,0.80527,706.0,18.0,0.0
2026-04-23 06:05:00,0.80526,0.80529,0.80485,0.80487,508.0,14.0,0.0
2026-04-23 06:10:00,0.80489,0.80493,0.80477,0.80487,441.0,13.0,0.0
2026-04-23 06:15:00,0.80486,0.80493,0.80473,0.80477,502.0,12.0,0.0
2026-04-23 06:20:00,0.80477,0.80479,0.8045,0.80452,374.0,11.0,0.0
2026-04-23 06:25:00,0.80454,0.80469,0.80439,0.80456,448.0,11.0,0.0
2026-04-23 06:30:00,0.80455,0.80466,0.80435,0.80466,454.0,12.0,0.0
2026-04-23 06:35:00,0.80465,0.80474,0.80454,0.80454,332.0,11.0,0.0
2026-04-23 06:40:00,0.80456,0.80461,0.80419,0.80434,403.0,11.0,0.0
2026-04-23 06:45:00,0.80435,0.80436,0.80412,0.80429,393.0,11.0,0.0
2026-04-23 06:50:00,0.80431,0.80436,0.8042,0.80423,346.0,11.0,0.0
2026-04-23 06:55:00,0.80423,0.80425,0.80386,0.80389,389.0,11.0,0.0
2026-04-23 07:00:00,0.8039,0.80402,0.80375,0.80375,334.0,12.0,0.0
2026-04-23 07:05:00,0.80377,0.80384,0.80352,0.80379,274.0,11.0,0.0
2026-04-23 07:10:00,0.80378,0.80404,0.80376,0.80403,243.0,11.0,0.0
2026-04-23 07:15:00,0.80404,0.80411,0.80395,0.80409,289.0,11.0,0.0
2026-04-23 07:20:00,0.8041,0.80419,0.80404,0.80408,307.0,11.0,0.0
2026-04-23 07:25:00,0.8041,0.80424,0.80406,0.80422,218.0,12.0,0.0
2026-04-23 07:30:00,0.80423,0.80437,0.80421,0.80432,211.0,11.0,0.0
2026-04-23 07:35:00,0.8043,0.80445,0.8043,0.80438,170.0,11.0,0.0
2026-04-23 07:40:00,0.8044,0.80443,0.80435,0.80441,193.0,11.0,0.0
2026-04-23 07:45:00,0.8044,0.80445,0.80433,0.8044,175.0,11.0,0.0
2026-04-23 07:50:00,0.80441,0.80461,0.80436,0.8046,173.0,13.0,0.0
2026-04-23 07:55:00,0.80459,0.80459,0.80445,0.8045,207.0,14.0,0.0
2026-04-23 08:00:00,0.80451,0.8046,0.80441,0.80452,192.0,15.0,0.0
2026-04-23 08:05:00,0.80453,0.8047,0.80452,0.80465,175.0,14.0,0.0
2026-04-23 08:10:00,0.80467,0.80469,0.80447,0.80448,182.0,14.0,0.0
2026-04-23 08:15:00,0.80449,0.80464,0.80447,0.80453,180.0,12.0,0.0
2026-04-23 08:20:00,0.80452,0.80484,0.80452,0.80482,165.0,13.0,0.0
2026-04-23 08:25:00,0.80481,0.80482,0.80468,0.80479,187.0,13.0,0.0
2026-04-23 08:30:00,0.80478,0.80479,0.80461,0.80464,292.0,15.0,0.0
2026-04-23 08:35:00,0.80462,0.80468,0.80448,0.80458,236.0,15.0,0.0
2026-04-23 08:40:00,0.80457,0.80461,0.8044,0.80453,273.0,15.0,0.0
2026-04-23 08:45:00,0.80455,0.80469,0.80453,0.80467,263.0,12.0,0.0
2026-04-23 08:50:00,0.80468,0.80487,0.80455,0.80465,272.0,13.0,0.0
2026-04-23 08:55:00,0.80466,0.80489,0.80465,0.80484,250.0,14.0,0.0
2026-04-23 09:00:00,0.80489,0.80498,0.80461,0.80462,342.0,12.0,0.0
2026-04-23 09:05:00,0.80461,0.8048,0.80458,0.80467,321.0,11.0,0.0
2026-04-23 09:10:00,0.80466,0.80474,0.80448,0.80457,342.0,11.0,0.0
2026-04-23 09:15:00,0.80459,0.80477,0.80451,0.8046,256.0,11.0,0.0
2026-04-23 09:20:00,0.80458,0.80481,0.80454,0.80472,242.0,11.0,0.0
2026-04-23 09:25:00,0.80472,0.80481,0.80462,0.80468,238.0,11.0,0.0
2026-04-23 09:30:00,0.80469,0.80487,0.80462,0.80481,304.0,12.0,0.0
2026-04-23 09:35:00,0.8048,0.80485,0.80468,0.80479,237.0,11.0,0.0
2026-04-23 09:40:00,0.80479,0.80495,0.80474,0.80485,192.0,12.0,0.0
2026-04-23 09:45:00,0.80485,0.80487,0.80474,0.80476,229.0,11.0,0.0
2026-04-23 09:50:00,0.80475,0.8048,0.80461,0.80477,320.0,11.0,0.0
2026-04-23 09:55:00,0.80477,0.80482,0.80453,0.80457,403.0,11.0,0.0
2026-04-23 10:00:00,0.8046,0.80468,0.80431,0.80441,425.0,10.0,0.0
2026-04-23 10:05:00,0.80442,0.80474,0.8044,0.8045,484.0,9.0,0.0
2026-04-23 10:10:00,0.80451,0.80463,0.80429,0.8044,359.0,9.0,0.0
2026-04-23 10:15:00,0.80441,0.80462,0.80432,0.80451,402.0,9.0,0.0
2026-04-23 10:20:00,0.80449,0.80453,0.80435,0.80449,318.0,9.0,0.0
2026-04-23 10:25:00,0.80449,0.80499,0.80446,0.80496,324.0,9.0,0.0
2026-04-23 10:30:00,0.80496,0.80496,0.80465,0.80476,529.0,10.0,0.0
2026-04-23 10:35:00,0.80475,0.80488,0.80462,0.80477,422.0,10.0,0.0
2026-04-23 10:40:00,0.80476,0.80488,0.80468,0.8048,327.0,9.0,0.0
2026-04-23 10:45:00,0.80478,0.80509,0.80478,0.80504,491.0,9.0,0.0
2026-04-23 10:50:00,0.80504,0.80517,0.80486,0.80498,349.0,9.0,0.0
2026-04-23 10:55:00,0.80498,0.80524,0.80497,0.8052,422.0,9.0,0.0
2026-04-23 11:00:00,0.80519,0.80525,0.80478,0.805,461.0,9.0,0.0
2026-04-23 11:05:00,0.80498,0.80509,0.80485,0.80492,405.0,9.0,0.0
2026-04-23 11:10:00,0.80492,0.80503,0.80469,0.80474,369.0,9.0,0.0
2026-04-23 11:15:00,0.80475,0.80483,0.80466,0.80477,294.0,9.0,0.0
2026-04-23 11:20:00,0.80478,0.80484,0.80458,0.80464,254.0,9.0,0.0
2026-04-23 11:25:00,0.80464,0.80486,0.80455,0.80459,332.0,9.0,0.0
2026-04-23 11:30:00,0.80461,0.80469,0.80432,0.80451,508.0,9.0,0.0
2026-04-23 11:35:00,0.80452,0.80467,0.80433,0.80441,320.0,9.0,0.0
2026-04-23 11:40:00,0.8044,0.80442,0.80412,0.80416,398.0,9.0,0.0
2026-04-23 11:45:00,0.80415,0.80429,0.80413,0.80427,353.0,9.0,0.0
2026-04-23 11:50:00,0.80427,0.80451,0.80427,0.80447,254.0,9.0,0.0
2026-04-23 11:55:00,0.80445,0.80455,0.80414,0.80418,269.0,9.0,0.0
2026-04-23 12:00:00,0.80416,0.80418,0.80346,0.80349,463.0,12.0,0.0
2026-04-23 12:05:00,0.80348,0.80357,0.80316,0.80317,375.0,9.0,0.0
2026-04-23 12:10:00,0.80314,0.80342,0.80309,0.80338,303.0,9.0,0.0
2026-04-23 12:15:00,0.80337,0.80407,0.80323,0.80386,555.0,9.0,0.0
2026-04-23 12:20:00,0.80385,0.80389,0.80363,0.80376,289.0,9.0,0.0
2026-04-23 12:25:00,0.80375,0.80389,0.80363,0.80378,256.0,9.0,0.0
2026-04-23 12:30:00,0.80378,0.80393,0.80374,0.80377,290.0,9.0,0.0
2026-04-23 12:35:00,0.80378,0.80379,0.80351,0.80365,325.0,9.0,0.0
2026-04-23 12:40:00,0.80365,0.80386,0.80354,0.80378,349.0,11.0,0.0
2026-04-23 12:45:00,0.80376,0.80385,0.8035,0.80361,420.0,9.0,0.0
2026-04-23 12:50:00,0.80361,0.80361,0.80345,0.80349,382.0,9.0,0.0
2026-04-23 12:55:00,0.80349,0.80363,0.80331,0.80337,306.0,9.0,0.0
2026-04-23 13:00:00,0.80339,0.80352,0.80322,0.80334,348.0,9.0,0.0
2026-04-23 13:05:00,0.80333,0.8034,0.80308,0.80313,365.0,9.0,0.0
2026-04-23 13:10:00,0.80313,0.80317,0.80285,0.80295,345.0,9.0,0.0
2026-04-23 13:15:00,0.80298,0.80332,0.80289,0.80327,380.0,9.0,0.0
2026-04-23 13:20:00,0.80326,0.80337,0.80313,0.80319,302.0,9.0,0.0
2026-04-23 13:25:00,0.80317,0.8034,0.80316,0.80332,267.0,9.0,0.0
2026-04-23 13:30:00,0.80331,0.80354,0.8033,0.8035,305.0,9.0,0.0
2026-04-23 13:35:00,0.80351,0.80357,0.80327,0.80336,284.0,9.0,0.0
2026-04-23 13:40:00,0.80337,0.80353,0.80321,0.80338,337.0,9.0,0.0
2026-04-23 13:45:00,0.80339,0.80353,0.80322,0.80329,302.0,9.0,0.0
2026-04-23 13:50:00,0.80329,0.80336,0.8031,0.80318,332.0,9.0,0.0
2026-04-23 13:55:00,0.80319,0.8035,0.80315,0.80329,474.0,10.0,0.0
2026-04-23 14:00:00,0.8033,0.80338,0.80318,0.80327,413.0,9.0,0.0
2026-04-23 14:05:00,0.80328,0.80333,0.80313,0.80324,297.0,8.0,0.0
2026-04-23 14:10:00,0.80326,0.80343,0.80294,0.80319,345.0,8.0,0.0
2026-04-23 14:15:00,0.8032,0.80332,0.80304,0.80331,300.0,9.0,0.0
2026-04-23 14:20:00,0.80329,0.80345,0.80329,0.80331,337.0,8.0,0.0
2026-04-23 14:25:00,0.80332,0.80346,0.80307,0.8032,338.0,8.0,0.0
2026-04-23 14:30:00,0.80321,0.80327,0.80305,0.80315,416.0,8.0,0.0
2026-04-23 14:35:00,0.80314,0.80343,0.80312,0.80325,472.0,8.0,0.0
2026-04-23 14:40:00,0.80327,0.80366,0.80326,0.80354,473.0,8.0,0.0
2026-04-23 14:45:00,0.80354,0.80413,0.80346,0.80377,657.0,8.0,0.0
2026-04-23 14:50:00,0.80379,0.80454,0.80365,0.80452,836.0,9.0,0.0
2026-04-23 14:55:00,0.80453,0.80456,0.80425,0.80435,496.0,8.0,0.0
2026-04-23 15:00:00,0.80437,0.80451,0.80402,0.80406,646.0,8.0,0.0
2026-04-23 15:05:00,0.80407,0.80485,0.80404,0.80473,834.0,9.0,0.0
2026-04-23 15:10:00,0.80474,0.80497,0.80464,0.80474,617.0,8.0,0.0
2026-04-23 15:15:00,0.80472,0.80481,0.80453,0.80454,355.0,8.0,0.0
2026-04-23 15:20:00,0.80453,0.8046,0.80387,0.80403,537.0,8.0,0.0
2026-04-23 15:25:00,0.80405,0.80411,0.80383,0.80391,336.0,8.0,0.0
2026-04-23 15:30:00,0.80389,0.80446,0.80385,0.80435,472.0,8.0,0.0
2026-04-23 15:35:00,0.80434,0.80441,0.80415,0.80416,539.0,8.0,0.0
2026-04-23 15:40:00,0.80415,0.80416,0.80393,0.80396,423.0,8.0,0.0
2026-04-23 15:45:00,0.80396,0.80421,0.80333,0.80366,1192.0,8.0,0.0
2026-04-23 15:50:00,0.80367,0.80396,0.80366,0.8038,683.0,8.0,0.0
2026-04-23 15:55:00,0.80379,0.80387,0.80348,0.80385,494.0,8.0,0.0
2026-04-23 16:00:00,0.80384,0.80399,0.80353,0.80361,442.0,8.0,0.0
2026-04-23 16:05:00,0.80359,0.80369,0.80337,0.80346,296.0,8.0,0.0
2026-04-23 16:10:00,0.80347,0.80358,0.80322,0.80331,500.0,8.0,0.0
2026-04-23 16:15:00,0.80332,0.80358,0.80322,0.8033,555.0,9.0,0.0
2026-04-23 16:20:00,0.80329,0.80356,0.80329,0.80356,449.0,8.0,0.0
2026-04-23 16:25:00,0.80357,0.80363,0.80338,0.80347,512.0,8.0,0.0
2026-04-23 16:30:00,0.80344,0.80385,0.80334,0.8036,799.0,12.0,0.0
2026-04-23 16:35:00,0.80361,0.8039,0.80359,0.80379,707.0,11.0,0.0
2026-04-23 16:40:00,0.80381,0.8039,0.80356,0.80365,555.0,11.0,0.0
2026-04-23 16:45:00,0.80364,0.80364,0.80308,0.80345,715.0,12.0,0.0
2026-04-23 16:50:00,0.80346,0.80361,0.80339,0.80342,871.0,11.0,0.0
2026-04-23 16:55:00,0.80341,0.80352,0.80321,0.80321,795.0,11.0,0.0
2026-04-23 17:00:00,0.80319,0.80364,0.80292,0.80362,935.0,11.0,0.0
2026-04-23 17:05:00,0.80361,0.8039,0.80356,0.8036,781.0,11.0,0.0
2026-04-23 17:10:00,0.80361,0.80368,0.80343,0.8035,753.0,11.0,0.0
2026-04-23 17:15:00,0.8035,0.80379,0.80345,0.80372,774.0,11.0,0.0
2026-04-23 17:20:00,0.80374,0.80416,0.80358,0.80412,674.0,11.0,0.0
2026-04-23 17:25:00,0.80413,0.80443,0.80402,0.8041,579.0,11.0,0.0
2026-04-23 17:30:00,0.80412,0.80421,0.80388,0.80392,622.0,11.0,0.0
2026-04-23 17:35:00,0.80394,0.8042,0.80392,0.80401,493.0,11.0,0.0
2026-04-23 17:40:00,0.80401,0.80446,0.80392,0.80444,553.0,11.0,0.0
2026-04-23 17:45:00,0.80446,0.80477,0.80442,0.80469,675.0,11.0,0.0
2026-04-23 17:50:00,0.80469,0.80484,0.80454,0.80478,634.0,11.0,0.0
2026-04-23 17:55:00,0.80478,0.80478,0.80442,0.80442,617.0,11.0,0.0
2026-04-23 18:00:00,0.8044,0.80473,0.80437,0.80457,733.0,11.0,0.0
2026-04-23 18:05:00,0.80459,0.80467,0.80439,0.80448,522.0,11.0,0.0
2026-04-23 18:10:00,0.8045,0.80457,0.80422,0.80427,501.0,11.0,0.0
2026-04-23 18:15:00,0.80428,0.80449,0.8042,0.80444,530.0,11.0,0.0
2026-04-23 18:20:00,0.80444,0.80468,0.80428,0.80459,513.0,11.0,0.0
2026-04-23 18:25:00,0.80459,0.80499,0.80458,0.80484,453.0,11.0,0.0
2026-04-23 18:30:00,0.80485,0.8049,0.8045,0.80453,571.0,11.0,0.0
2026-04-23 18:35:00,0.80456,0.80461,0.80437,0.80442,374.0,11.0,0.0
2026-04-23 18:40:00,0.80442,0.80465,0.80418,0.8042,402.0,11.0,0.0
2026-04-23 18:45:00,0.8042,0.80432,0.80391,0.80431,784.0,11.0,0.0
2026-04-23 18:50:00,0.8043,0.80431,0.80402,0.80411,560.0,11.0,0.0
2026-04-23 18:55:00,0.80411,0.80423,0.80398,0.80407,615.0,11.0,0.0
2026-04-23 19:00:00,0.80405,0.80419,0.80396,0.80397,438.0,14.0,0.0
2026-04-23 19:05:00,0.80396,0.80406,0.80389,0.804,431.0,13.0,0.0
2026-04-23 19:10:00,0.80402,0.80436,0.804,0.80432,431.0,13.0,0.0
2026-04-23 19:15:00,0.80433,0.80435,0.80409,0.80414,452.0,12.0,0.0
2026-04-23 19:20:00,0.80415,0.80435,0.80407,0.80432,384.0,11.0,0.0
2026-04-23 19:25:00,0.80432,0.80448,0.80426,0.80436,404.0,11.0,0.0
2026-04-23 19:30:00,0.80435,0.80444,0.80421,0.80439,363.0,11.0,0.0
2026-04-23 19:35:00,0.80438,0.80446,0.80423,0.80426,314.0,13.0,0.0
2026-04-23 19:40:00,0.80427,0.80443,0.80419,0.80442,361.0,11.0,0.0
2026-04-23 19:45:00,0.80441,0.8045,0.80436,0.80446,351.0,11.0,0.0
2026-04-23 19:50:00,0.80446,0.80447,0.80435,0.80441,307.0,11.0,0.0
2026-04-23 19:55:00,0.80442,0.80445,0.80421,0.80432,419.0,11.0,0.0
2026-04-23 20:00:00,0.80433,0.80448,0.80374,0.80377,1072.0,15.0,0.0
2026-04-23 20:05:00,0.80378,0.80383,0.80288,0.80289,936.0,15.0,0.0
2026-04-23 20:10:00,0.80288,0.80298,0.80254,0.80273,1209.0,15.0,0.0
2026-04-23 20:15:00,0.80272,0.80278,0.80216,0.80233,1044.0,15.0,0.0
2026-04-23 20:20:00,0.80235,0.80263,0.80221,0.80255,978.0,13.0,0.0
2026-04-23 20:25:00,0.80253,0.80294,0.80242,0.80255,1029.0,13.0,0.0
2026-04-23 20:30:00,0.80253,0.80275,0.8024,0.80257,882.0,14.0,0.0
2026-04-23 20:35:00,0.80259,0.80281,0.80201,0.80203,1011.0,13.0,0.0
2026-04-23 20:40:00,0.80202,0.80205,0.80123,0.80133,1310.0,13.0,0.0
2026-04-23 20:45:00,0.80135,0.80182,0.80077,0.80164,1607.0,14.0,0.0
2026-04-23 20:50:00,0.80163,0.80267,0.80144,0.80208,1906.0,15.0,0.0
2026-04-23 20:55:00,0.80209,0.80327,0.80201,0.80319,1688.0,15.0,0.0
2026-04-23 21:00:00,0.80321,0.80382,0.80318,0.80352,1573.0,15.0,0.0
2026-04-23 21:05:00,0.80351,0.80374,0.80334,0.80338,966.0,13.0,0.0
2026-04-23 21:10:00,0.80338,0.8038,0.80329,0.80355,1092.0,13.0,0.0
2026-04-23 21:15:00,0.80356,0.8037,0.80345,0.80354,649.0,13.0,0.0
2026-04-23 21:20:00,0.80355,0.80371,0.80324,0.80332,973.0,13.0,0.0
2026-04-23 21:25:00,0.80331,0.80342,0.80314,0.80326,686.0,13.0,0.0
2026-04-23 21:30:00,0.80325,0.80351,0.80324,0.80332,841.0,13.0,0.0
2026-04-23 21:35:00,0.80334,0.80343,0.80308,0.80315,644.0,13.0,0.0
2026-04-23 21:40:00,0.80315,0.80317,0.8028,0.80303,441.0,14.0,0.0
2026-04-23 21:45:00,0.80303,0.80303,0.80284,0.80294,364.0,14.0,0.0
2026-04-23 21:50:00,0.80295,0.80309,0.80278,0.80284,466.0,15.0,0.0
2026-04-23 21:55:00,0.80282,0.80283,0.8023,0.80235,607.0,15.0,0.0
2026-04-23 22:00:00,0.80233,0.80246,0.80204,0.80206,782.0,17.0,0.0
2026-04-23 22:05:00,0.80207,0.80217,0.802,0.80204,450.0,14.0,0.0
2026-04-23 22:10:00,0.80202,0.80204,0.80187,0.80191,336.0,14.0,0.0
2026-04-23 22:15:00,0.80192,0.80215,0.80191,0.80206,377.0,14.0,0.0
2026-04-23 22:20:00,0.80206,0.80209,0.80194,0.80195,348.0,13.0,0.0
2026-04-23 22:25:00,0.80197,0.80207,0.80191,0.80191,263.0,13.0,0.0
2026-04-23 22:30:00,0.80193,0.80203,0.80167,0.80168,300.0,14.0,0.0
2026-04-23 22:35:00,0.80168,0.80173,0.80139,0.80153,583.0,16.0,0.0
2026-04-23 22:40:00,0.80156,0.80177,0.80155,0.8017,454.0,16.0,0.0
2026-04-23 22:45:00,0.80169,0.80203,0.80167,0.80199,309.0,14.0,0.0
2026-04-23 22:50:00,0.80194,0.80214,0.80172,0.80206,541.0,14.0,0.0
2026-04-23 22:55:00,0.80207,0.80215,0.80197,0.80202,572.0,13.0,0.0
2026-04-23 23:00:00,0.80203,0.80213,0.80193,0.80195,591.0,11.0,0.0
2026-04-23 23:05:00,0.80196,0.80198,0.80152,0.80157,491.0,11.0,0.0
2026-04-23 23:10:00,0.80157,0.80161,0.80114,0.80117,259.0,11.0,0.0
2026-04-23 23:15:00,0.80115,0.80116,0.80095,0.8011,205.0,15.0,0.0
2026-04-23 23:20:00,0.80112,0.80174,0.80103,0.80168,200.0,12.0,0.0
2026-04-23 23:25:00,0.80168,0.80168,0.80151,0.80165,174.0,11.0,0.0
2026-04-23 23:30:00,0.80164,0.80171,0.80157,0.80167,292.0,11.0,0.0
2026-04-23 23:35:00,0.80167,0.80171,0.80161,0.80171,239.0,11.0,0.0
2026-04-23 23:40:00,0.80164,0.80169,0.80159,0.80163,68.0,24.0,0.0
2026-04-23 23:45:00,0.80163,0.80163,0.80145,0.80156,122.0,24.0,0.0
2026-04-23 23:50:00,0.80156,0.80164,0.8015,0.8016,149.0,24.0,0.0
2026-04-23 23:55:00,0.80158,0.80172,0.80133,0.80167,377.0,24.0,0.0
2026-04-24 00:00:00,0.8039,0.80406,0.80321,0.80348,124.0,100.0,0.0
2026-04-24 00:05:00,0.80367,0.80367,0.80155,0.80295,466.0,79.0,0.0
2026-04-24 00:10:00,0.80293,0.80293,0.80082,0.80133,318.0,79.0,0.0
2026-04-24 00:15:00,0.80132,0.8015,0.80125,0.8014,76.0,87.0,0.0
2026-04-24 00:20:00,0.80136,0.80143,0.80122,0.80136,62.0,95.0,0.0
2026-04-24 00:25:00,0.80141,0.80329,0.80122,0.80326,189.0,79.0,0.0
2026-04-24 00:30:00,0.80332,0.80332,0.80204,0.80204,209.0,79.0,0.0
2026-04-24 00:35:00,0.80205,0.80208,0.80141,0.80142,155.0,79.0,0.0
2026-04-24 00:40:00,0.8014,0.8015,0.80091,0.80104,242.0,85.0,0.0
2026-04-24 00:45:00,0.80104,0.80136,0.80078,0.80127,321.0,79.0,0.0
2026-04-24 00:50:00,0.80124,0.80137,0.80121,0.80133,68.0,79.0,0.0
2026-04-24 00:55:00,0.80132,0.80156,0.80132,0.80143,44.0,79.0,0.0
2026-04-24 01:00:00,0.80136,0.80177,0.80129,0.80167,147.0,13.0,0.0
2026-04-24 01:05:00,0.80169,0.80189,0.80156,0.80179,115.0,13.0,0.0
2026-04-24 01:10:00,0.80176,0.80214,0.80171,0.80212,114.0,13.0,0.0
2026-04-24 01:15:00,0.80211,0.80212,0.80206,0.80209,19.0,13.0,0.0
2026-04-24 01:20:00,0.80213,0.80216,0.80196,0.80213,67.0,13.0,0.0
2026-04-24 01:25:00,0.80213,0.80218,0.80198,0.80198,82.0,15.0,0.0
2026-04-24 01:30:00,0.80201,0.80209,0.80198,0.80206,57.0,17.0,0.0
2026-04-24 01:35:00,0.80204,0.80216,0.80199,0.8021,73.0,16.0,0.0
2026-04-24 01:40:00,0.80209,0.80211,0.80199,0.80204,98.0,15.0,0.0
2026-04-24 01:45:00,0.80203,0.80215,0.80203,0.80212,44.0,15.0,0.0
2026-04-24 01:50:00,0.80212,0.80213,0.80204,0.80206,41.0,15.0,0.0
2026-04-24 01:55:00,0.80208,0.80213,0.80196,0.80209,83.0,15.0,0.0
2026-04-24 02:00:00,0.80208,0.80215,0.80199,0.80202,107.0,15.0,0.0
2026-04-24 02:05:00,0.80202,0.80205,0.80195,0.80203,56.0,15.0,0.0
2026-04-24 02:10:00,0.80203,0.80203,0.80198,0.80202,41.0,13.0,0.0
2026-04-24 02:15:00,0.802,0.80202,0.80185,0.80188,103.0,15.0,0.0
2026-04-24 02:20:00,0.80189,0.80192,0.80182,0.80189,112.0,16.0,0.0
2026-04-24 02:25:00,0.80186,0.80199,0.80185,0.80189,67.0,16.0,0.0
2026-04-24 02:30:00,0.80192,0.80196,0.80183,0.80196,113.0,16.0,0.0
2026-04-24 02:35:00,0.80198,0.80202,0.80192,0.80196,110.0,15.0,0.0
2026-04-24 02:40:00,0.80197,0.80202,0.80196,0.802,92.0,13.0,0.0
2026-04-24 02:45:00,0.802,0.80208,0.80194,0.80195,260.0,12.0,0.0
2026-04-24 02:50:00,0.80196,0.80204,0.80189,0.80192,141.0,16.0,0.0
2026-04-24 02:55:00,0.8019,0.8019,0.80155,0.80165,187.0,17.0,0.0
2026-04-24 03:00:00,0.80166,0.80198,0.80163,0.80168,524.0,18.0,0.0
2026-04-24 03:05:00,0.80169,0.80221,0.80169,0.80219,459.0,17.0,0.0
2026-04-24 03:10:00,0.80219,0.80226,0.80205,0.80215,399.0,15.0,0.0
2026-04-24 03:15:00,0.80218,0.80224,0.80196,0.80199,369.0,13.0,0.0
2026-04-24 03:20:00,0.80199,0.80221,0.80198,0.80219,240.0,13.0,0.0
2026-04-24 03:25:00,0.8022,0.8023,0.80214,0.8023,233.0,12.0,0.0
2026-04-24 03:30:00,0.80228,0.80238,0.80213,0.80224,255.0,13.0,0.0
2026-04-24 03:35:00,0.80222,0.80227,0.80218,0.80221,250.0,13.0,0.0
2026-04-24 03:40:00,0.80224,0.80224,0.80195,0.8021,409.0,16.0,0.0
2026-04-24 03:45:00,0.80211,0.80233,0.80207,0.80225,388.0,15.0,0.0
2026-04-24 03:50:00,0.80226,0.80233,0.80209,0.80218,475.0,14.0,0.0
2026-04-24 03:55:00,0.80216,0.80238,0.80213,0.80232,401.0,11.0,0.0
2026-04-24 04:00:00,0.80231,0.80264,0.80227,0.80261,432.0,13.0,0.0
2026-04-24 04:05:00,0.80263,0.8028,0.8025,0.80271,311.0,15.0,0.0
2026-04-24 04:10:00,0.8027,0.80272,0.80247,0.80251,376.0,13.0,0.0
2026-04-24 04:15:00,0.80252,0.80277,0.80247,0.80267,379.0,11.0,0.0
2026-04-24 04:20:00,0.80268,0.80272,0.80257,0.80272,318.0,11.0,0.0
2026-04-24 04:25:00,0.80272,0.80275,0.8026,0.80262,409.0,11.0,0.0
2026-04-24 04:30:00,0.8026,0.80268,0.80228,0.80247,550.0,11.0,0.0
2026-04-24 04:35:00,0.80246,0.80251,0.80232,0.8024,395.0,13.0,0.0
2026-04-24 04:40:00,0.80241,0.80252,0.80226,0.8023,417.0,12.0,0.0
2026-04-24 04:45:00,0.80229,0.80255,0.80227,0.80248,392.0,11.0,0.0
2026-04-24 04:50:00,0.8025,0.80257,0.80244,0.80247,419.0,11.0,0.0
2026-04-24 04:55:00,0.80247,0.80267,0.80236,0.80264,393.0,11.0,0.0
2026-04-24 05:00:00,0.80263,0.80268,0.80243,0.8026,375.0,14.0,0.0
2026-04-24 05:05:00,0.80261,0.80261,0.80238,0.80239,346.0,11.0,0.0
2026-04-24 05:10:00,0.80237,0.8024,0.80213,0.80216,321.0,11.0,0.0
2026-04-24 05:15:00,0.80217,0.80231,0.80216,0.80223,348.0,11.0,0.0
2026-04-24 05:20:00,0.80224,0.80228,0.80196,0.80196,428.0,11.0,0.0
2026-04-24 05:25:00,0.80197,0.80198,0.80178,0.80184,349.0,11.0,0.0
2026-04-24 05:30:00,0.80182,0.80214,0.80181,0.8021,309.0,11.0,0.0
2026-04-24 05:35:00,0.80209,0.80214,0.80199,0.802,364.0,11.0,0.0
2026-04-24 05:40:00,0.80201,0.80209,0.80196,0.80204,308.0,13.0,0.0
2026-04-24 05:45:00,0.80204,0.80205,0.80168,0.8017,248.0,11.0,0.0
2026-04-24 05:50:00,0.80171,0.80185,0.80162,0.80179,298.0,14.0,0.0
2026-04-24 05:55:00,0.80179,0.80182,0.80153,0.80162,289.0,12.0,0.0
2026-04-24 06:00:00,0.80161,0.80172,0.8011,0.80119,359.0,18.0,0.0
2026-04-24 06:05:00,0.80121,0.80135,0.80116,0.80128,304.0,13.0,0.0
2026-04-24 06:10:00,0.80128,0.80137,0.80122,0.80132,361.0,11.0,0.0
2026-04-24 06:15:00,0.8013,0.80143,0.80124,0.80127,439.0,11.0,0.0
2026-04-24 06:20:00,0.80125,0.80137,0.80098,0.80105,359.0,11.0,0.0
2026-04-24 06:25:00,0.80105,0.80136,0.80102,0.80111,349.0,11.0,0.0
2026-04-24 06:30:00,0.80111,0.80112,0.8008,0.80083,320.0,17.0,0.0
2026-04-24 06:35:00,0.80082,0.80123,0.80077,0.8012,367.0,14.0,0.0
2026-04-24 06:40:00,0.80119,0.80151,0.80118,0.80135,304.0,11.0,0.0
2026-04-24 06:45:00,0.80136,0.80139,0.8012,0.80132,275.0,11.0,0.0
2026-04-24 06:50:00,0.80133,0.80135,0.80112,0.80116,223.0,12.0,0.0
2026-04-24 06:55:00,0.80113,0.80131,0.80111,0.80115,309.0,13.0,0.0
2026-04-24 07:00:00,0.80114,0.80131,0.80101,0.80128,344.0,12.0,0.0
2026-04-24 07:05:00,0.8013,0.80146,0.80122,0.80143,293.0,11.0,0.0
2026-04-24 07:10:00,0.80143,0.80167,0.80139,0.80166,350.0,11.0,0.0
2026-04-24 07:15:00,0.80166,0.80194,0.80165,0.80192,146.0,11.0,0.0
2026-04-24 07:20:00,0.80191,0.80192,0.80171,0.80171,282.0,11.0,0.0
2026-04-24 07:25:00,0.80175,0.80187,0.80172,0.80187,240.0,11.0,0.0
2026-04-24 07:30:00,0.80187,0.80202,0.8018,0.80198,274.0,12.0,0.0
2026-04-24 07:35:00,0.80199,0.80215,0.80199,0.80209,200.0,11.0,0.0
2026-04-24 07:40:00,0.80208,0.80211,0.80194,0.80202,253.0,11.0,0.0
2026-04-24 07:45:00,0.802,0.80244,0.802,0.8024,280.0,14.0,0.0
2026-04-24 07:50:00,0.80239,0.8025,0.80232,0.8024,182.0,11.0,0.0
2026-04-24 07:55:00,0.8024,0.80251,0.80232,0.80235,216.0,11.0,0.0
2026-04-24 08:00:00,0.80235,0.80247,0.80232,0.80239,320.0,11.0,0.0
2026-04-24 08:05:00,0.80242,0.80242,0.80192,0.80196,268.0,11.0,0.0
2026-04-24 08:10:00,0.80197,0.80213,0.8018,0.8021,265.0,13.0,0.0
2026-04-24 08:15:00,0.80211,0.80219,0.80187,0.80193,319.0,11.0,0.0
2026-04-24 08:20:00,0.80194,0.80198,0.80183,0.80186,290.0,12.0,0.0
2026-04-24 08:25:00,0.80185,0.80195,0.80182,0.80184,312.0,12.0,0.0
2026-04-24 08:30:00,0.80183,0.80209,0.80183,0.80206,336.0,14.0,0.0
2026-04-24 08:35:00,0.80206,0.80223,0.80197,0.80215,299.0,12.0,0.0
2026-04-24 08:40:00,0.80216,0.80216,0.80187,0.8019,258.0,11.0,0.0
2026-04-24 08:45:00,0.80189,0.80194,0.80183,0.8019,320.0,11.0,0.0
2026-04-24 08:50:00,0.80189,0.80192,0.80176,0.80186,276.0,11.0,0.0
2026-04-24 08:55:00,0.80185,0.80192,0.8017,0.8018,255.0,11.0,0.0
2026-04-24 09:00:00,0.80176,0.80225,0.80174,0.80215,390.0,11.0,0.0
2026-04-24 09:05:00,0.80215,0.80226,0.80207,0.80213,366.0,11.0,0.0
2026-04-24 09:10:00,0.80212,0.80231,0.80208,0.8022,310.0,11.0,0.0
2026-04-24 09:15:00,0.80221,0.8023,0.80202,0.80206,342.0,11.0,0.0
2026-04-24 09:20:00,0.80206,0.80206,0.80174,0.80187,325.0,11.0,0.0
2026-04-24 09:25:00,0.80187,0.80189,0.80164,0.80175,451.0,11.0,0.0
2026-04-24 09:30:00,0.80176,0.80204,0.80176,0.80193,406.0,11.0,0.0
2026-04-24 09:35:00,0.80192,0.8021,0.80177,0.80202,358.0,11.0,0.0
2026-04-24 09:40:00,0.80202,0.80209,0.8019,0.80195,382.0,11.0,0.0
2026-04-24 09:45:00,0.80196,0.80198,0.80161,0.80168,334.0,11.0,0.0
2026-04-24 09:50:00,0.80168,0.80171,0.80157,0.80169,296.0,11.0,0.0
2026-04-24 09:55:00,0.80168,0.80178,0.8016,0.80163,417.0,11.0,0.0
2026-04-24 10:00:00,0.80163,0.80185,0.80151,0.80184,415.0,12.0,0.0
2026-04-24 10:05:00,0.80182,0.80209,0.80174,0.80199,310.0,9.0,0.0
2026-04-24 10:10:00,0.80198,0.802,0.80175,0.80196,306.0,9.0,0.0
2026-04-24 10:15:00,0.80196,0.8022,0.80194,0.80214,429.0,9.0,0.0
2026-04-24 10:20:00,0.80213,0.80213,0.80185,0.80196,439.0,9.0,0.0
2026-04-24 10:25:00,0.80197,0.80203,0.80187,0.80196,413.0,9.0,0.0
2026-04-24 10:30:00,0.80196,0.80196,0.80173,0.80181,386.0,9.0,0.0
2026-04-24 10:35:00,0.80181,0.80207,0.80178,0.80204,292.0,9.0,0.0
2026-04-24 10:40:00,0.80204,0.80204,0.80188,0.80191,291.0,9.0,0.0
2026-04-24 10:45:00,0.80189,0.80197,0.80182,0.80195,285.0,9.0,0.0
2026-04-24 10:50:00,0.80196,0.80213,0.80188,0.80202,276.0,9.0,0.0
2026-04-24 10:55:00,0.80204,0.80207,0.80183,0.80187,268.0,9.0,0.0
2026-04-24 11:00:00,0.80185,0.80195,0.80146,0.80156,320.0,9.0,0.0
2026-04-24 11:05:00,0.80154,0.80163,0.80137,0.80152,416.0,9.0,0.0
2026-04-24 11:10:00,0.80152,0.80153,0.80134,0.80142,384.0,9.0,0.0
2026-04-24 11:15:00,0.80143,0.8022,0.8014,0.8022,607.0,9.0,0.0
2026-04-24 11:20:00,0.8022,0.80239,0.80202,0.80202,532.0,10.0,0.0
2026-04-24 11:25:00,0.80203,0.80214,0.8019,0.80196,470.0,9.0,0.0
2026-04-24 11:30:00,0.80197,0.80198,0.80176,0.8018,386.0,9.0,0.0
2026-04-24 11:35:00,0.80181,0.80182,0.80154,0.80155,321.0,10.0,0.0
2026-04-24 11:40:00,0.80156,0.80165,0.80148,0.80149,342.0,9.0,0.0
2026-04-24 11:45:00,0.80148,0.80201,0.80146,0.80185,428.0,10.0,0.0
2026-04-24 11:50:00,0.80184,0.80186,0.80156,0.80174,285.0,9.0,0.0
2026-04-24 11:55:00,0.80173,0.80173,0.80144,0.80169,319.0,9.0,0.0
2026-04-24 12:00:00,0.80168,0.80182,0.80157,0.80167,448.0,10.0,0.0
2026-04-24 12:05:00,0.80168,0.80178,0.80154,0.80177,297.0,9.0,0.0
2026-04-24 12:10:00,0.80177,0.80202,0.80172,0.802,315.0,9.0,0.0
2026-04-24 12:15:00,0.80199,0.80204,0.80175,0.8018,262.0,9.0,0.0
2026-04-24 12:20:00,0.80181,0.8019,0.80142,0.80188,502.0,10.0,0.0
2026-04-24 12:25:00,0.80189,0.80189,0.80156,0.80168,350.0,10.0,0.0
2026-04-24 12:30:00,0.80166,0.80168,0.80144,0.80165,350.0,9.0,0.0
2026-04-24 12:35:00,0.80165,0.80186,0.80157,0.80171,363.0,9.0,0.0
2026-04-24 12:40:00,0.80172,0.80199,0.80166,0.80183,311.0,9.0,0.0
2026-04-24 12:45:00,0.80183,0.8019,0.8017,0.80174,246.0,10.0,0.0
2026-04-24 12:50:00,0.80176,0.80181,0.80163,0.80171,303.0,9.0,0.0
2026-04-24 12:55:00,0.80171,0.80174,0.80157,0.8016,232.0,9.0,0.0
2026-04-24 13:00:00,0.80159,0.80169,0.80154,0.80165,340.0,11.0,0.0
2026-04-24 13:05:00,0.80163,0.80168,0.80148,0.80165,276.0,9.0,0.0
2026-04-24 13:10:00,0.80163,0.80174,0.80154,0.80159,244.0,9.0,0.0
2026-04-24 13:15:00,0.8016,0.80171,0.80157,0.80164,269.0,10.0,0.0
2026-04-24 13:20:00,0.80162,0.80169,0.80149,0.80163,295.0,9.0,0.0
2026-04-24 13:25:00,0.80162,0.80172,0.80158,0.8016,291.0,9.0,0.0
2026-04-24 13:30:00,0.80162,0.80167,0.80148,0.80152,332.0,9.0,0.0
2026-04-24 13:35:00,0.80153,0.8016,0.80147,0.80157,227.0,9.0,0.0
2026-04-24 13:40:00,0.80158,0.80174,0.8015,0.80168,297.0,9.0,0.0
2026-04-24 13:45:00,0.80166,0.80168,0.80157,0.80162,301.0,9.0,0.0
2026-04-24 13:50:00,0.80163,0.80186,0.80156,0.80181,318.0,9.0,0.0
2026-04-24 13:55:00,0.80182,0.80184,0.8017,0.80174,298.0,10.0,0.0
2026-04-24 14:00:00,0.80175,0.80217,0.8017,0.80205,530.0,9.0,0.0
2026-04-24 14:05:00,0.80204,0.80291,0.80192,0.80276,1316.0,8.0,0.0
2026-04-24 14:10:00,0.80278,0.80294,0.80263,0.80282,764.0,8.0,0.0
2026-04-24 14:15:00,0.80281,0.80297,0.80265,0.80273,598.0,8.0,0.0
2026-04-24 14:20:00,0.80274,0.80383,0.80269,0.80371,1210.0,8.0,0.0
2026-04-24 14:25:00,0.8037,0.80439,0.80368,0.80439,775.0,8.0,0.0
2026-04-24 14:30:00,0.80438,0.80443,0.80397,0.80431,577.0,8.0,0.0
2026-04-24 14:35:00,0.80429,0.80429,0.80357,0.80357,555.0,8.0,0.0
2026-04-24 14:40:00,0.80357,0.80365,0.80326,0.80329,476.0,8.0,0.0
2026-04-24 14:45:00,0.8033,0.80336,0.80311,0.8032,579.0,8.0,0.0
2026-04-24 14:50:00,0.80319,0.8035,0.80316,0.80333,441.0,8.0,0.0
2026-04-24 14:55:00,0.80331,0.80345,0.80318,0.80341,378.0,8.0,0.0
2026-04-24 15:00:00,0.80342,0.80382,0.80342,0.80375,552.0,8.0,0.0
2026-04-24 15:05:00,0.80376,0.80377,0.80348,0.80357,424.0,8.0,0.0
2026-04-24 15:10:00,0.80356,0.80387,0.80351,0.80372,452.0,8.0,0.0
2026-04-24 15:15:00,0.80373,0.80379,0.80326,0.80357,521.0,8.0,0.0
2026-04-24 15:20:00,0.80355,0.8037,0.80339,0.80357,502.0,9.0,0.0
2026-04-24 15:25:00,0.80357,0.80357,0.80335,0.80337,340.0,8.0,0.0
2026-04-24 15:30:00,0.80338,0.80343,0.8032,0.80327,320.0,8.0,0.0
2026-04-24 15:35:00,0.80326,0.80328,0.80303,0.80318,438.0,8.0,0.0
2026-04-24 15:40:00,0.80319,0.8033,0.80305,0.80311,410.0,8.0,0.0
2026-04-24 15:45:00,0.80311,0.80324,0.80261,0.8027,607.0,8.0,0.0
2026-04-24 15:50:00,0.8027,0.80297,0.8026,0.80276,570.0,8.0,0.0
2026-04-24 15:55:00,0.80275,0.803,0.80266,0.80295,459.0,8.0,0.0
2026-04-24 16:00:00,0.80296,0.80335,0.80294,0.80334,506.0,8.0,0.0
2026-04-24 16:05:00,0.80332,0.80338,0.80311,0.80326,464.0,8.0,0.0
2026-04-24 16:10:00,0.80328,0.80349,0.80304,0.80339,577.0,8.0,0.0
2026-04-24 16:15:00,0.80341,0.80347,0.80298,0.80321,495.0,9.0,0.0
2026-04-24 16:20:00,0.80322,0.80328,0.80284,0.80303,621.0,8.0,0.0
2026-04-24 16:25:00,0.80302,0.80302,0.80266,0.80284,519.0,8.0,0.0
2026-04-24 16:30:00,0.80284,0.80295,0.80258,0.80279,994.0,12.0,0.0
2026-04-24 16:35:00,0.80279,0.80325,0.80275,0.8032,647.0,11.0,0.0
2026-04-24 16:40:00,0.8032,0.80332,0.80293,0.80318,681.0,11.0,0.0
2026-04-24 16:45:00,0.80319,0.80342,0.80307,0.80339,630.0,11.0,0.0
2026-04-24 16:50:00,0.80339,0.80342,0.80295,0.80301,608.0,11.0,0.0
2026-04-24 16:55:00,0.80297,0.80345,0.80286,0.80342,561.0,11.0,0.0
2026-04-24 17:00:00,0.80338,0.80341,0.80289,0.80333,1060.0,12.0,0.0
2026-04-24 17:05:00,0.80333,0.80406,0.80332,0.80391,1091.0,12.0,0.0
2026-04-24 17:10:00,0.80392,0.80441,0.80382,0.80413,899.0,11.0,0.0
2026-04-24 17:15:00,0.80412,0.80424,0.80392,0.80415,745.0,11.0,0.0
2026-04-24 17:20:00,0.80416,0.80436,0.80386,0.80394,599.0,11.0,0.0
2026-04-24 17:25:00,0.80394,0.80409,0.80373,0.804,687.0,11.0,0.0
2026-04-24 17:30:00,0.80402,0.80418,0.80371,0.8041,576.0,11.0,0.0
2026-04-24 17:35:00,0.80409,0.80433,0.80395,0.80406,717.0,11.0,0.0
2026-04-24 17:40:00,0.80404,0.80416,0.80393,0.80404,608.0,11.0,0.0
2026-04-24 17:45:00,0.80404,0.80408,0.80356,0.80358,567.0,11.0,0.0
2026-04-24 17:50:00,0.80358,0.80359,0.8031,0.80312,642.0,11.0,0.0
2026-04-24 17:55:00,0.80314,0.80352,0.8031,0.80315,750.0,11.0,0.0
2026-04-24 18:00:00,0.80316,0.80335,0.80294,0.80331,683.0,11.0,0.0
2026-04-24 18:05:00,0.80329,0.80333,0.80307,0.80316,737.0,11.0,0.0
2026-04-24 18:10:00,0.80315,0.80326,0.80306,0.80326,559.0,11.0,0.0
2026-04-24 18:15:00,0.80325,0.80332,0.803,0.80307,557.0,11.0,0.0
2026-04-24 18:20:00,0.80307,0.80331,0.80305,0.80318,497.0,11.0,0.0
2026-04-24 18:25:00,0.8032,0.80326,0.80287,0.80303,586.0,11.0,0.0
2026-04-24 18:30:00,0.80303,0.8031,0.80273,0.80278,576.0,11.0,0.0
2026-04-24 18:35:00,0.80279,0.80293,0.80267,0.80289,573.0,11.0,0.0
2026-04-24 18:40:00,0.80289,0.80372,0.80276,0.80358,691.0,11.0,0.0
2026-04-24 18:45:00,0.80361,0.80396,0.80354,0.80362,1291.0,13.0,0.0
2026-04-24 18:50:00,0.80363,0.80414,0.80363,0.80393,778.0,11.0,0.0
2026-04-24 18:55:00,0.80395,0.80404,0.8038,0.804,585.0,11.0,0.0
2026-04-24 19:00:00,0.80403,0.80407,0.80364,0.80386,553.0,13.0,0.0
2026-04-24 19:05:00,0.80385,0.804,0.80349,0.80357,518.0,13.0,0.0
2026-04-24 19:10:00,0.80357,0.80383,0.80351,0.80372,507.0,11.0,0.0
2026-04-24 19:15:00,0.80372,0.80377,0.80356,0.8036,467.0,11.0,0.0
2026-04-24 19:20:00,0.8036,0.80376,0.80358,0.80369,450.0,11.0,0.0
2026-04-24 19:25:00,0.80371,0.8038,0.80361,0.80364,359.0,11.0,0.0
2026-04-24 19:30:00,0.80365,0.80387,0.80362,0.80381,467.0,13.0,0.0
2026-04-24 19:35:00,0.80382,0.80391,0.80369,0.80384,271.0,11.0,0.0
2026-04-24 19:40:00,0.80383,0.8039,0.80358,0.80365,273.0,11.0,0.0
2026-04-24 19:45:00,0.80367,0.80383,0.80359,0.80363,253.0,11.0,0.0
2026-04-24 19:50:00,0.80364,0.80379,0.80363,0.80369,292.0,11.0,0.0
2026-04-24 19:55:00,0.8037,0.80387,0.80361,0.80382,334.0,11.0,0.0
2026-04-24 20:00:00,0.80383,0.80397,0.80379,0.80388,360.0,14.0,0.0
2026-04-24 20:05:00,0.80389,0.80396,0.80376,0.8038,366.0,15.0,0.0
2026-04-24 20:10:00,0.80381,0.80388,0.80373,0.80374,323.0,11.0,0.0
2026-04-24 20:15:00,0.80375,0.80375,0.80355,0.80373,297.0,11.0,0.0
2026-04-24 20:20:00,0.80373,0.80376,0.80347,0.80359,301.0,11.0,0.0
2026-04-24 20:25:00,0.80361,0.80366,0.8035,0.80354,327.0,11.0,0.0
2026-04-24 20:30:00,0.80354,0.80367,0.80345,0.8036,473.0,11.0,0.0
2026-04-24 20:35:00,0.80361,0.80377,0.8035,0.80354,382.0,11.0,0.0
2026-04-24 20:40:00,0.80355,0.80364,0.80346,0.80357,382.0,11.0,0.0
2026-04-24 20:45:00,0.80358,0.80365,0.80355,0.80361,225.0,11.0,0.0
2026-04-24 20:50:00,0.80362,0.80384,0.8035,0.80359,349.0,11.0,0.0
2026-04-24 20:55:00,0.80358,0.80366,0.80334,0.80336,309.0,15.0,0.0
2026-04-24 21:00:00,0.80337,0.8035,0.80335,0.80348,347.0,13.0,0.0
2026-04-24 21:05:00,0.80348,0.80356,0.80333,0.80342,253.0,13.0,0.0
2026-04-24 21:10:00,0.80343,0.80346,0.80335,0.80343,194.0,13.0,0.0
2026-04-24 21:15:00,0.80343,0.80349,0.80327,0.80333,230.0,13.0,0.0
2026-04-24 21:20:00,0.80335,0.80339,0.80323,0.80333,282.0,13.0,0.0
2026-04-24 21:25:00,0.80333,0.80335,0.80319,0.80327,340.0,13.0,0.0
2026-04-24 21:30:00,0.80328,0.80336,0.8032,0.80333,286.0,13.0,0.0
2026-04-24 21:35:00,0.80331,0.80349,0.80328,0.80349,219.0,13.0,0.0
2026-04-24 21:40:00,0.80348,0.8036,0.80345,0.80353,196.0,13.0,0.0
2026-04-24 21:45:00,0.80352,0.80356,0.80343,0.80343,203.0,13.0,0.0
2026-04-24 21:50:00,0.80344,0.8035,0.80337,0.80343,214.0,14.0,0.0
2026-04-24 21:55:00,0.80344,0.80362,0.80339,0.80356,268.0,13.0,0.0
2026-04-24 22:00:00,0.80357,0.80377,0.80357,0.80373,189.0,14.0,0.0
2026-04-24 22:05:00,0.80372,0.80374,0.80363,0.80364,119.0,13.0,0.0
2026-04-24 22:10:00,0.80364,0.80372,0.80356,0.80369,214.0,14.0,0.0
2026-04-24 22:15:00,0.80368,0.8038,0.80367,0.8037,231.0,15.0,0.0
2026-04-24 22:20:00,0.8037,0.8037,0.80354,0.80354,165.0,13.0,0.0
2026-04-24 22:25:00,0.80356,0.80364,0.80353,0.80361,125.0,15.0,0.0
2026-04-24 22:30:00,0.8036,0.80372,0.80356,0.8036,161.0,14.0,0.0
2026-04-24 22:35:00,0.80359,0.8036,0.80347,0.80357,238.0,13.0,0.0
2026-04-24 22:40:00,0.80355,0.80361,0.80351,0.80352,148.0,13.0,0.0
2026-04-24 22:45:00,0.80351,0.80352,0.80345,0.80347,192.0,16.0,0.0
2026-04-24 22:50:00,0.80348,0.80363,0.80347,0.80361,202.0,14.0,0.0
2026-04-24 22:55:00,0.80361,0.80373,0.80353,0.80369,318.0,14.0,0.0
2026-04-24 23:00:00,0.80368,0.80375,0.80356,0.80368,314.0,12.0,0.0
2026-04-24 23:05:00,0.80369,0.80382,0.80363,0.80376,265.0,11.0,0.0
2026-04-24 23:10:00,0.80375,0.8039,0.80375,0.80386,193.0,12.0,0.0
2026-04-24 23:15:00,0.80387,0.80393,0.80377,0.80384,162.0,11.0,0.0
2026-04-24 23:20:00,0.80384,0.80397,0.8038,0.80397,294.0,11.0,0.0
2026-04-24 23:25:00,0.80398,0.80403,0.80385,0.80391,201.0,11.0,0.0
2026-04-24 23:30:00,0.80392,0.80393,0.80371,0.80372,607.0,13.0,0.0
2026-04-24 23:35:00,0.80371,0.80398,0.80371,0.80392,261.0,11.0,0.0
2026-04-24 23:40:00,0.80386,0.80396,0.8038,0.8038,181.0,24.0,0.0
2026-04-24 23:45:00,0.80379,0.80399,0.80371,0.80378,506.0,24.0,0.0
2026-04-24 23:50:00,0.80375,0.80376,0.80355,0.80361,527.0,31.0,0.0
2026-04-24 23:55:00,0.80361,0.80369,0.80293,0.80315,594.0,32.0,0.0
2026-04-27 00:00:00,0.80229,0.8023,0.80225,0.80229,7.0,100.0,0.0
2026-04-27 00:05:00,0.80258,0.80289,0.80258,0.80288,14.0,100.0,0.0
2026-04-27 00:10:00,0.80292,0.80296,0.80198,0.80211,55.0,100.0,0.0
2026-04-27 00:15:00,0.80199,0.80236,0.80168,0.80191,72.0,100.0,0.0
2026-04-27 00:20:00,0.80189,0.80194,0.80141,0.80145,1058.0,100.0,0.0
2026-04-27 00:25:00,0.80144,0.80171,0.80128,0.80159,71.0,100.0,0.0
2026-04-27 00:30:00,0.80158,0.80228,0.8014,0.80228,108.0,100.0,0.0
2026-04-27 00:35:00,0.80227,0.80265,0.80201,0.80207,160.0,100.0,0.0
2026-04-27 00:40:00,0.80201,0.80204,0.80168,0.80195,74.0,100.0,0.0
2026-04-27 00:45:00,0.80196,0.8025,0.80176,0.80248,77.0,100.0,0.0
2026-04-27 00:50:00,0.80235,0.80383,0.80196,0.80305,2092.0,100.0,0.0
2026-04-27 00:55:00,0.80308,0.80308,0.80174,0.80227,938.0,100.0,0.0
2026-04-27 01:00:00,0.80235,0.80307,0.80208,0.80291,363.0,14.0,0.0
2026-04-27 01:05:00,0.8029,0.80307,0.80275,0.80304,127.0,13.0,0.0
2026-04-27 01:10:00,0.80303,0.80305,0.80282,0.80294,141.0,13.0,0.0
2026-04-27 01:15:00,0.80295,0.80308,0.80287,0.80303,137.0,13.0,0.0
2026-04-27 01:20:00,0.80303,0.80305,0.80292,0.80299,100.0,12.0,0.0
2026-04-27 01:25:00,0.80299,0.80305,0.80292,0.80302,114.0,12.0,0.0
2026-04-27 01:30:00,0.80302,0.80303,0.80291,0.80297,169.0,12.0,0.0
2026-04-27 01:35:00,0.80298,0.80318,0.8029,0.80315,150.0,14.0,0.0
2026-04-27 01:40:00,0.80316,0.80321,0.80289,0.8029,130.0,14.0,0.0
2026-04-27 01:45:00,0.80289,0.80308,0.80288,0.80305,122.0,16.0,0.0
2026-04-27 01:50:00,0.80304,0.80305,0.80291,0.80304,103.0,14.0,0.0
2026-04-27 01:55:00,0.80302,0.8031,0.803,0.80308,158.0,14.0,0.0
2026-04-27 02:00:00,0.80307,0.80317,0.80298,0.80302,165.0,16.0,0.0
2026-04-27 02:05:00,0.80302,0.80305,0.80294,0.80296,92.0,16.0,0.0
2026-04-27 02:10:00,0.80295,0.80298,0.80288,0.80291,57.0,15.0,0.0
2026-04-27 02:15:00,0.80291,0.80301,0.80291,0.80301,117.0,15.0,0.0
2026-04-27 02:20:00,0.803,0.80307,0.80299,0.80304,104.0,14.0,0.0
2026-04-27 02:25:00,0.80299,0.80301,0.8028,0.80283,87.0,15.0,0.0
2026-04-27 02:30:00,0.80281,0.80287,0.80268,0.80281,154.0,16.0,0.0
2026-04-27 02:35:00,0.80282,0.80288,0.8028,0.80281,89.0,15.0,0.0
2026-04-27 02:40:00,0.80279,0.80282,0.80273,0.8028,96.0,15.0,0.0
2026-04-27 02:45:00,0.80284,0.8029,0.80281,0.80284,121.0,14.0,0.0
2026-04-27 02:50:00,0.80285,0.80292,0.80276,0.8029,155.0,16.0,0.0
2026-04-27 02:55:00,0.80291,0.80292,0.80275,0.80281,155.0,15.0,0.0
2026-04-27 03:00:00,0.80283,0.80308,0.80283,0.80304,571.0,16.0,0.0
2026-04-27 03:05:00,0.80303,0.8032,0.80292,0.80319,412.0,17.0,0.0
2026-04-27 03:10:00,0.80321,0.80341,0.80319,0.80329,288.0,17.0,0.0
2026-04-27 03:15:00,0.80332,0.80335,0.80308,0.80322,543.0,15.0,0.0
2026-04-27 03:20:00,0.80322,0.80335,0.80319,0.80321,202.0,13.0,0.0
2026-04-27 03:25:00,0.80322,0.80338,0.80317,0.80328,258.0,12.0,0.0
2026-04-27 03:30:00,0.80329,0.80347,0.80328,0.80347,262.0,11.0,0.0
2026-04-27 03:35:00,0.80346,0.80362,0.80345,0.80355,202.0,11.0,0.0
2026-04-27 03:40:00,0.80354,0.80364,0.8035,0.8036,153.0,11.0,0.0
2026-04-27 03:45:00,0.8036,0.80376,0.80355,0.80375,191.0,12.0,0.0
2026-04-27 03:50:00,0.80373,0.80385,0.80372,0.80378,167.0,11.0,0.0
2026-04-27 03:55:00,0.80379,0.80407,0.80375,0.80403,351.0,15.0,0.0
2026-04-27 04:00:00,0.80406,0.80467,0.80405,0.80449,1026.0,18.0,0.0
2026-04-27 04:05:00,0.80448,0.80457,0.80402,0.80413,572.0,15.0,0.0
2026-04-27 04:10:00,0.80414,0.80444,0.80412,0.8043,360.0,13.0,0.0
2026-04-27 04:15:00,0.80432,0.80471,0.80429,0.80469,476.0,13.0,0.0
2026-04-27 04:20:00,0.80471,0.80471,0.80435,0.80436,418.0,12.0,0.0
2026-04-27 04:25:00,0.80436,0.8044,0.80401,0.80425,425.0,13.0,0.0
2026-04-27 04:30:00,0.80423,0.80444,0.80418,0.80442,368.0,13.0,0.0
2026-04-27 04:35:00,0.80443,0.80449,0.8043,0.80446,341.0,11.0,0.0
2026-04-27 04:40:00,0.80445,0.80462,0.8044,0.80454,362.0,12.0,0.0
2026-04-27 04:45:00,0.80453,0.80471,0.80451,0.80468,283.0,11.0,0.0
2026-04-27 04:50:00,0.80466,0.80482,0.80458,0.80465,400.0,11.0,0.0
2026-04-27 04:55:00,0.80466,0.8047,0.80437,0.80456,410.0,12.0,0.0
2026-04-27 05:00:00,0.80454,0.80458,0.8044,0.80445,283.0,11.0,0.0
2026-04-27 05:05:00,0.80446,0.80464,0.80424,0.80464,281.0,12.0,0.0
2026-04-27 05:10:00,0.80464,0.80479,0.80459,0.80479,203.0,11.0,0.0
2026-04-27 05:15:00,0.80478,0.80481,0.80462,0.80463,207.0,13.0,0.0
2026-04-27 05:20:00,0.80464,0.80464,0.80446,0.80454,247.0,12.0,0.0
2026-04-27 05:25:00,0.80455,0.80462,0.80451,0.80458,201.0,11.0,0.0
2026-04-27 05:30:00,0.80459,0.80481,0.80458,0.80479,287.0,13.0,0.0
2026-04-27 05:35:00,0.80481,0.80507,0.80475,0.80506,267.0,12.0,0.0
2026-04-27 05:40:00,0.80505,0.80508,0.80483,0.80489,186.0,12.0,0.0
2026-04-27 05:45:00,0.80487,0.8051,0.80481,0.80509,218.0,12.0,0.0
2026-04-27 05:50:00,0.80509,0.8051,0.80499,0.80507,192.0,12.0,0.0
2026-04-27 05:55:00,0.80508,0.80513,0.80494,0.80502,232.0,11.0,0.0
2026-04-27 06:00:00,0.80502,0.80521,0.80493,0.80513,314.0,17.0,0.0
2026-04-27 06:05:00,0.80514,0.80518,0.80508,0.80517,220.0,11.0,0.0
2026-04-27 06:10:00,0.80517,0.80529,0.80511,0.80521,221.0,11.0,0.0
2026-04-27 06:15:00,0.80523,0.80524,0.80513,0.80521,171.0,11.0,0.0
2026-04-27 06:20:00,0.80522,0.80526,0.8051,0.80513,147.0,11.0,0.0
2026-04-27 06:25:00,0.80513,0.80518,0.80504,0.80508,176.0,11.0,0.0
2026-04-27 06:30:00,0.80512,0.80514,0.805,0.80505,235.0,12.0,0.0
2026-04-27 06:35:00,0.80506,0.80512,0.80494,0.80503,210.0,12.0,0.0
2026-04-27 06:40:00,0.80504,0.8052,0.80502,0.80519,215.0,13.0,0.0
2026-04-27 06:45:00,0.80517,0.80528,0.80503,0.80507,209.0,14.0,0.0
2026-04-27 06:50:00,0.80509,0.80513,0.80502,0.80507,182.0,11.0,0.0
2026-04-27 06:55:00,0.80506,0.80508,0.80495,0.80497,178.0,11.0,0.0
2026-04-27 07:00:00,0.80496,0.80499,0.80482,0.80485,214.0,11.0,0.0
2026-04-27 07:05:00,0.80487,0.80493,0.80485,0.80489,103.0,11.0,0.0
2026-04-27 07:10:00,0.8049,0.80491,0.80476,0.80479,161.0,11.0,0.0
2026-04-27 07:15:00,0.80477,0.8049,0.80476,0.80489,179.0,14.0,0.0
2026-04-27 07:20:00,0.8049,0.80499,0.80486,0.80494,163.0,11.0,0.0
2026-04-27 07:25:00,0.80496,0.80497,0.80489,0.80491,122.0,11.0,0.0
2026-04-27 07:30:00,0.80492,0.80499,0.80488,0.80491,142.0,12.0,0.0
2026-04-27 07:35:00,0.80493,0.80497,0.80483,0.80491,123.0,11.0,0.0
2026-04-27 07:40:00,0.80491,0.80491,0.80472,0.80474,135.0,11.0,0.0
2026-04-27 07:45:00,0.80474,0.80477,0.80457,0.80457,119.0,11.0,0.0
2026-04-27 07:50:00,0.80458,0.8046,0.80435,0.80449,332.0,18.0,0.0
2026-04-27 07:55:00,0.80447,0.8045,0.80431,0.80442,237.0,15.0,0.0
2026-04-27 08:00:00,0.80444,0.80448,0.80435,0.80446,203.0,12.0,0.0
2026-04-27 08:05:00,0.80448,0.80451,0.80436,0.80444,197.0,11.0,0.0
2026-04-27 08:10:00,0.80444,0.80445,0.80426,0.80426,182.0,11.0,0.0
2026-04-27 08:15:00,0.80426,0.80434,0.80422,0.80428,194.0,11.0,0.0
2026-04-27 08:20:00,0.80427,0.80434,0.80426,0.80432,112.0,11.0,0.0
2026-04-27 08:25:00,0.80431,0.80432,0.80424,0.80426,157.0,12.0,0.0
2026-04-27 08:30:00,0.80426,0.80428,0.80408,0.80409,224.0,12.0,0.0
2026-04-27 08:35:00,0.80408,0.80415,0.80394,0.80405,277.0,18.0,0.0
2026-04-27 08:40:00,0.80406,0.80412,0.80397,0.80405,260.0,15.0,0.0
2026-04-27 08:45:00,0.80404,0.80426,0.80404,0.8042,162.0,11.0,0.0
2026-04-27 08:50:00,0.8042,0.80422,0.80401,0.80407,252.0,12.0,0.0
2026-04-27 08:55:00,0.80407,0.8041,0.80391,0.80391,213.0,11.0,0.0
2026-04-27 09:00:00,0.80391,0.80397,0.8036,0.80366,315.0,12.0,0.0
2026-04-27 09:05:00,0.80364,0.80365,0.80329,0.80344,349.0,13.0,0.0
2026-04-27 09:10:00,0.80346,0.80357,0.80346,0.80354,282.0,11.0,0.0
2026-04-27 09:15:00,0.80353,0.80366,0.80343,0.80363,287.0,11.0,0.0
2026-04-27 09:20:00,0.80362,0.80373,0.80355,0.80373,221.0,11.0,0.0
2026-04-27 09:25:00,0.80372,0.80378,0.80363,0.80374,293.0,11.0,0.0
2026-04-27 09:30:00,0.80373,0.80393,0.80352,0.80373,333.0,13.0,0.0
2026-04-27 09:35:00,0.80374,0.80387,0.80365,0.8037,251.0,12.0,0.0
2026-04-27 09:40:00,0.8037,0.80375,0.80351,0.80353,297.0,11.0,0.0
2026-04-27 09:45:00,0.80352,0.8039,0.80347,0.80389,283.0,11.0,0.0
2026-04-27 09:50:00,0.80391,0.80396,0.80378,0.80385,284.0,11.0,0.0
2026-04-27 09:55:00,0.80384,0.80396,0.80371,0.80393,266.0,11.0,0.0
2026-04-27 10:00:00,0.80391,0.80415,0.80382,0.80415,404.0,9.0,0.0
2026-04-27 10:05:00,0.80416,0.8043,0.80407,0.80418,298.0,9.0,0.0
2026-04-27 10:10:00,0.80419,0.8043,0.80409,0.80428,295.0,9.0,0.0
2026-04-27 10:15:00,0.80427,0.8043,0.80407,0.80413,370.0,9.0,0.0
2026-04-27 10:20:00,0.80412,0.80424,0.8039,0.80421,339.0,9.0,0.0
2026-04-27 10:25:00,0.80422,0.80434,0.80407,0.80412,329.0,9.0,0.0
2026-04-27 10:30:00,0.80413,0.80429,0.8039,0.80425,314.0,9.0,0.0
2026-04-27 10:35:00,0.80424,0.80434,0.80416,0.80433,292.0,9.0,0.0
2026-04-27 10:40:00,0.80434,0.80436,0.80418,0.80431,304.0,9.0,0.0
2026-04-27 10:45:00,0.80432,0.80448,0.8042,0.80428,287.0,9.0,0.0
2026-04-27 10:50:00,0.80428,0.80448,0.80413,0.80428,446.0,9.0,0.0
2026-04-27 10:55:00,0.80427,0.80434,0.80418,0.8042,519.0,9.0,0.0
2026-04-27 11:00:00,0.80421,0.80438,0.80393,0.80401,504.0,11.0,0.0
2026-04-27 11:05:00,0.804,0.80461,0.80398,0.8045,615.0,10.0,0.0
2026-04-27 11:10:00,0.80451,0.80454,0.8041,0.80414,506.0,9.0,0.0
2026-04-27 11:15:00,0.80413,0.80434,0.80411,0.80419,406.0,9.0,0.0
2026-04-27 11:20:00,0.8042,0.80436,0.80409,0.80429,365.0,9.0,0.0
2026-04-27 11:25:00,0.80427,0.80488,0.80422,0.80474,526.0,13.0,0.0
2026-04-27 11:30:00,0.80473,0.80474,0.80442,0.80465,378.0,9.0,0.0
2026-04-27 11:35:00,0.80465,0.80477,0.80451,0.80463,279.0,9.0,0.0
2026-04-27 11:40:00,0.80463,0.80463,0.80447,0.80459,370.0,9.0,0.0
2026-04-27 11:45:00,0.80461,0.80485,0.80456,0.80482,260.0,9.0,0.0
2026-04-27 11:50:00,0.80483,0.80488,0.8047,0.8048,307.0,10.0,0.0
2026-04-27 11:55:00,0.80481,0.80507,0.80478,0.80488,345.0,10.0,0.0
2026-04-27 12:00:00,0.80488,0.80495,0.8048,0.80491,303.0,9.0,0.0
2026-04-27 12:05:00,0.80492,0.80507,0.80472,0.80494,265.0,9.0,0.0
2026-04-27 12:10:00,0.80495,0.80499,0.80483,0.80497,246.0,9.0,0.0
2026-04-27 12:15:00,0.80497,0.80497,0.80462,0.8047,279.0,9.0,0.0
2026-04-27 12:20:00,0.80471,0.80475,0.80451,0.80457,246.0,9.0,0.0
2026-04-27 12:25:00,0.80458,0.80461,0.80443,0.8045,236.0,9.0,0.0
2026-04-27 12:30:00,0.80451,0.80458,0.80443,0.8045,312.0,9.0,0.0
2026-04-27 12:35:00,0.8045,0.80453,0.80438,0.80447,226.0,9.0,0.0
2026-04-27 12:40:00,0.80444,0.80449,0.8043,0.80432,265.0,9.0,0.0
2026-04-27 12:45:00,0.80433,0.8044,0.80415,0.80415,219.0,10.0,0.0
2026-04-27 12:50:00,0.80416,0.80443,0.80416,0.80428,264.0,10.0,0.0
2026-04-27 12:55:00,0.80429,0.80444,0.80412,0.80421,371.0,9.0,0.0
2026-04-27 13:00:00,0.80421,0.80434,0.8041,0.80427,336.0,9.0,0.0
2026-04-27 13:05:00,0.80426,0.80444,0.80421,0.80426,275.0,9.0,0.0
2026-04-27 13:10:00,0.80427,0.80429,0.8041,0.80415,183.0,9.0,0.0
2026-04-27 13:15:00,0.80416,0.80441,0.80407,0.80438,249.0,9.0,0.0
2026-04-27 13:20:00,0.80438,0.80448,0.80434,0.8044,200.0,9.0,0.0
2026-04-27 13:25:00,0.80442,0.80446,0.80437,0.80442,181.0,9.0,0.0
2026-04-27 13:30:00,0.80444,0.8046,0.80441,0.80446,172.0,9.0,0.0
2026-04-27 13:35:00,0.80445,0.80455,0.80439,0.80448,285.0,9.0,0.0
2026-04-27 13:40:00,0.80447,0.80465,0.80441,0.80463,301.0,9.0,0.0
2026-04-27 13:45:00,0.80465,0.8047,0.80456,0.80463,277.0,9.0,0.0
2026-04-27 13:50:00,0.80465,0.80469,0.80449,0.80461,255.0,9.0,0.0
2026-04-27 13:55:00,0.80462,0.80473,0.80454,0.80454,307.0,9.0,0.0
2026-04-27 14:00:00,0.80454,0.80459,0.8044,0.80444,376.0,8.0,0.0
2026-04-27 14:05:00,0.80444,0.80458,0.80436,0.80454,319.0,8.0,0.0
2026-04-27 14:10:00,0.80455,0.80463,0.80438,0.80449,302.0,9.0,0.0
2026-04-27 14:15:00,0.80446,0.80463,0.80437,0.80458,289.0,8.0,0.0
2026-04-27 14:20:00,0.80459,0.80489,0.80458,0.80481,294.0,8.0,0.0
2026-04-27 14:25:00,0.80482,0.80501,0.80471,0.80497,293.0,8.0,0.0
2026-04-27 14:30:00,0.80498,0.80513,0.80483,0.80484,330.0,8.0,0.0
2026-04-27 14:35:00,0.80484,0.80487,0.80474,0.80475,246.0,8.0,0.0
2026-04-27 14:40:00,0.80476,0.80495,0.80462,0.80488,256.0,8.0,0.0
2026-04-27 14:45:00,0.80486,0.80497,0.80473,0.80473,237.0,8.0,0.0
2026-04-27 14:50:00,0.80472,0.80482,0.80465,0.80465,241.0,8.0,0.0
2026-04-27 14:55:00,0.80466,0.80473,0.80451,0.80462,296.0,8.0,0.0
2026-04-27 15:00:00,0.80464,0.8048,0.80461,0.80473,337.0,8.0,0.0
2026-04-27 15:05:00,0.80473,0.80503,0.80471,0.80489,398.0,8.0,0.0
2026-04-27 15:10:00,0.8049,0.80504,0.80486,0.80497,396.0,9.0,0.0
2026-04-27 15:15:00,0.80498,0.80525,0.80495,0.8052,481.0,8.0,0.0
2026-04-27 15:20:00,0.80519,0.80519,0.80473,0.80486,439.0,8.0,0.0
2026-04-27 15:25:00,0.80486,0.8049,0.80463,0.80486,374.0,8.0,0.0
2026-04-27 15:30:00,0.80485,0.80499,0.80477,0.80494,417.0,8.0,0.0
2026-04-27 15:35:00,0.80496,0.80505,0.80478,0.80493,399.0,8.0,0.0
2026-04-27 15:40:00,0.80492,0.80512,0.80481,0.80507,478.0,8.0,0.0
2026-04-27 15:45:00,0.80507,0.80526,0.80493,0.80524,391.0,8.0,0.0
2026-04-27 15:50:00,0.80524,0.80537,0.80506,0.80514,420.0,8.0,0.0
2026-04-27 15:55:00,0.80513,0.80515,0.80458,0.8047,571.0,8.0,0.0
2026-04-27 16:00:00,0.80469,0.80493,0.80454,0.80492,840.0,8.0,0.0
2026-04-27 16:05:00,0.80491,0.80525,0.80473,0.80524,557.0,8.0,0.0
2026-04-27 16:10:00,0.80525,0.80535,0.80498,0.80506,717.0,8.0,0.0
2026-04-27 16:15:00,0.80506,0.80536,0.80488,0.80491,439.0,8.0,0.0
2026-04-27 16:20:00,0.80489,0.8052,0.80488,0.8052,421.0,8.0,0.0
2026-04-27 16:25:00,0.80519,0.80522,0.80499,0.80504,383.0,8.0,0.0
2026-04-27 16:30:00,0.80503,0.8051,0.80479,0.80485,640.0,11.0,0.0
2026-04-27 16:35:00,0.80484,0.80504,0.80462,0.80472,539.0,11.0,0.0
2026-04-27 16:40:00,0.80473,0.80478,0.80439,0.80445,483.0,11.0,0.0
2026-04-27 16:45:00,0.80446,0.80452,0.80424,0.80429,632.0,11.0,0.0
2026-04-27 16:50:00,0.8043,0.80449,0.80425,0.80437,594.0,11.0,0.0
2026-04-27 16:55:00,0.80439,0.80468,0.80432,0.80465,559.0,11.0,0.0
2026-04-27 17:00:00,0.80466,0.80478,0.80438,0.80467,713.0,11.0,0.0
2026-04-27 17:05:00,0.80469,0.80492,0.80466,0.80471,629.0,11.0,0.0
2026-04-27 17:10:00,0.80471,0.80488,0.80462,0.80481,503.0,11.0,0.0
2026-04-27 17:15:00,0.80482,0.80493,0.80472,0.8048,504.0,11.0,0.0
2026-04-27 17:20:00,0.80479,0.80492,0.80467,0.80483,504.0,11.0,0.0
2026-04-27 17:25:00,0.80484,0.80515,0.80481,0.80514,455.0,11.0,0.0
2026-04-27 17:30:00,0.80513,0.80528,0.80489,0.80524,460.0,11.0,0.0
2026-04-27 17:35:00,0.80526,0.8056,0.8052,0.80549,660.0,11.0,0.0
2026-04-27 17:40:00,0.8055,0.80557,0.80519,0.80557,613.0,11.0,0.0
2026-04-27 17:45:00,0.80557,0.80579,0.80543,0.80573,512.0,11.0,0.0
2026-04-27 17:50:00,0.80575,0.80581,0.80536,0.80548,594.0,11.0,0.0
2026-04-27 17:55:00,0.80548,0.80566,0.80542,0.80552,747.0,11.0,0.0
2026-04-27 18:00:00,0.80552,0.80565,0.80538,0.80546,657.0,11.0,0.0
2026-04-27 18:05:00,0.80548,0.80558,0.80533,0.80545,522.0,11.0,0.0
2026-04-27 18:10:00,0.80544,0.80558,0.80544,0.8055,419.0,11.0,0.0
2026-04-27 18:15:00,0.8055,0.80589,0.80547,0.80573,506.0,11.0,0.0
2026-04-27 18:20:00,0.80572,0.80583,0.80532,0.80549,575.0,11.0,0.0
2026-04-27 18:25:00,0.80549,0.80574,0.80549,0.8057,518.0,11.0,0.0
2026-04-27 18:30:00,0.8057,0.80596,0.8055,0.80571,475.0,11.0,0.0
2026-04-27 18:35:00,0.8057,0.80579,0.80562,0.80572,420.0,11.0,0.0
2026-04-27 18:40:00,0.80573,0.80594,0.80565,0.80585,436.0,11.0,0.0
2026-04-27 18:45:00,0.80585,0.80589,0.8057,0.80572,376.0,11.0,0.0
2026-04-27 18:50:00,0.80573,0.80579,0.80563,0.80565,339.0,11.0,0.0
2026-04-27 18:55:00,0.80566,0.80577,0.80557,0.80567,451.0,11.0,0.0
2026-04-27 19:00:00,0.80565,0.80568,0.80554,0.80563,337.0,13.0,0.0
2026-04-27 19:05:00,0.80564,0.80583,0.80557,0.80563,283.0,11.0,0.0
2026-04-27 19:10:00,0.80564,0.80569,0.80541,0.80549,342.0,15.0,0.0
2026-04-27 19:15:00,0.8055,0.80567,0.80548,0.80555,222.0,12.0,0.0
2026-04-27 19:20:00,0.80556,0.80566,0.80552,0.80552,341.0,11.0,0.0
2026-04-27 19:25:00,0.80553,0.80559,0.80534,0.80539,311.0,11.0,0.0
2026-04-27 19:30:00,0.80539,0.80552,0.8053,0.80539,275.0,11.0,0.0
2026-04-27 19:35:00,0.80538,0.80546,0.80529,0.80546,196.0,11.0,0.0
2026-04-27 19:40:00,0.80544,0.80551,0.80537,0.80538,283.0,11.0,0.0
2026-04-27 19:45:00,0.80539,0.80565,0.80539,0.80547,255.0,12.0,0.0
2026-04-27 19:50:00,0.80546,0.80554,0.80533,0.80535,197.0,15.0,0.0
2026-04-27 19:55:00,0.80534,0.80537,0.80517,0.80523,324.0,12.0,0.0
2026-04-27 20:00:00,0.80523,0.80533,0.80494,0.80495,410.0,12.0,0.0
2026-04-27 20:05:00,0.80494,0.80507,0.80487,0.80494,352.0,15.0,0.0
2026-04-27 20:10:00,0.80493,0.80506,0.8048,0.80504,285.0,11.0,0.0
2026-04-27 20:15:00,0.80504,0.80512,0.80481,0.80485,323.0,11.0,0.0
2026-04-27 20:20:00,0.80485,0.80523,0.80481,0.80506,478.0,11.0,0.0
2026-04-27 20:25:00,0.80507,0.80532,0.80507,0.80529,363.0,13.0,0.0
2026-04-27 20:30:00,0.80529,0.80572,0.80525,0.80564,367.0,12.0,0.0
2026-04-27 20:35:00,0.80563,0.80566,0.80548,0.8055,293.0,11.0,0.0
2026-04-27 20:40:00,0.8055,0.80555,0.80544,0.8055,226.0,11.0,0.0
2026-04-27 20:45:00,0.8055,0.80555,0.80534,0.8054,193.0,11.0,0.0
2026-04-27 20:50:00,0.8054,0.80543,0.80529,0.80535,199.0,11.0,0.0
2026-04-27 20:55:00,0.80535,0.80545,0.80533,0.80538,172.0,11.0,0.0
2026-04-27 21:00:00,0.80539,0.80539,0.80526,0.80527,189.0,13.0,0.0
2026-04-27 21:05:00,0.80525,0.80526,0.80517,0.80519,174.0,15.0,0.0
2026-04-27 21:10:00,0.80517,0.80528,0.80507,0.80508,188.0,14.0,0.0
2026-04-27 21:15:00,0.80511,0.80516,0.80503,0.80508,211.0,15.0,0.0
2026-04-27 21:20:00,0.80507,0.80516,0.805,0.80513,183.0,15.0,0.0
2026-04-27 21:25:00,0.80513,0.80529,0.80506,0.80528,217.0,15.0,0.0
2026-04-27 21:30:00,0.80528,0.80534,0.80513,0.80517,248.0,15.0,0.0
2026-04-27 21:35:00,0.80518,0.80524,0.8051,0.80521,178.0,13.0,0.0
2026-04-27 21:40:00,0.80521,0.8053,0.80507,0.80508,194.0,13.0,0.0
2026-04-27 21:45:00,0.80507,0.80524,0.805,0.80517,174.0,17.0,0.0
2026-04-27 21:50:00,0.80518,0.80518,0.80508,0.80512,211.0,13.0,0.0
2026-04-27 21:55:00,0.80514,0.80525,0.80508,0.80519,247.0,15.0,0.0
2026-04-27 22:00:00,0.80515,0.80531,0.80515,0.80528,170.0,13.0,0.0
2026-04-27 22:05:00,0.80529,0.80535,0.8052,0.8053,213.0,13.0,0.0
2026-04-27 22:10:00,0.80532,0.80551,0.80528,0.80548,166.0,13.0,0.0
2026-04-27 22:15:00,0.80548,0.80548,0.80536,0.80539,155.0,13.0,0.0
2026-04-27 22:20:00,0.80539,0.80546,0.80533,0.80534,126.0,13.0,0.0
2026-04-27 22:25:00,0.80535,0.80549,0.8053,0.80537,192.0,14.0,0.0
2026-04-27 22:30:00,0.80535,0.80549,0.80535,0.8054,175.0,14.0,0.0
2026-04-27 22:35:00,0.80539,0.80542,0.80521,0.80525,172.0,14.0,0.0
2026-04-27 22:40:00,0.80527,0.80528,0.80514,0.80522,185.0,13.0,0.0
2026-04-27 22:45:00,0.80521,0.80548,0.80519,0.80545,280.0,13.0,0.0
2026-04-27 22:50:00,0.80547,0.80561,0.80541,0.8055,257.0,14.0,0.0
2026-04-27 22:55:00,0.8055,0.80552,0.80534,0.8054,304.0,14.0,0.0
2026-04-27 23:00:00,0.8054,0.8057,0.8054,0.80562,289.0,11.0,0.0
2026-04-27 23:05:00,0.80562,0.80564,0.80546,0.80549,215.0,11.0,0.0
2026-04-27 23:10:00,0.8055,0.80552,0.80541,0.80547,199.0,11.0,0.0
2026-04-27 23:15:00,0.80549,0.80553,0.80549,0.80551,26.0,11.0,0.0
